file_name,transcription
english1.mp3,"﻿[pʰl̥iiːzkʰɑlˠ stɛlə æsk ɚ ɾə bɹɪ̃ŋ ðiiːz θɪ̃ŋz wɪθ ɚ fɹʌ̃m ðə stɔɹ sɪks spũunz əv fɹɛʃ snoʊ pʰiiːz faɪːv θɪk sl̥æːbz əv bluː ʧiiːz æn meɪbi ə snæk˺ fɚ hɚ bɹʌðɚ bɑːb wii ɑlˠso niiː̃ɾ ə smɑlˠ pʰl̥æstɪk˺ sneɪk æ̃n ə bɪːɡ tʰɔɪ fɹ̥ɑːɡ fɚ ðə kʰɪːdz ʃii kə̃n skʷuup˺ ðiiːz θɪŋ̃z ɪ̃ntə θɹ̥ii ɹɛːd˺ bæːɡz æ̃ːn wii wɪlˠ ɡoʊ miit hɚ wɛ̃nzdeɪ æt˺ ðə tʰɹ̥eɪ̃n steɪʃə̃n]
"
english10.mp3,"﻿[pʰl̥iːskʰɔl stɛla æ̝̃sk ə ɾə bɹĩŋ ðiːz θɪ̃ŋz wɪθ hɚ fɹʌ̃m ðə stɔəɹ sɪks spũːnz ʌv̥ fɹɛʃ snoʊ pʰɪːz faɪv̥ θɪk slæ̝̃ːbz ʌv̥ blu ʧiːz æ̃n meɪbiː ə snæ̃k fɚ hɚ bɹʌðɚ baːb wi ɔlso niːɾ ə smɔl pʰl̥æ̞stɪk snẽɪk ɛ̃n ə bɪɡ˺ tʰʊɪ fɹaːɡ fə ðə kʰɪdz̥ ʃi kæ̆n skup ðiz θɪ̃ŋz ɪ̃ ntʰə θɹi ɹɛ̝d bæ̝̃ːɡz æn wə wɪlˠ ɡoʊ miːt hɚ wɛ̃nzde æt ðə tɹẽɪn steɪʃɪn]
"
english100.mp3,"﻿[pʰliːzkɑlˠ stɛlə æsk həɹ ɾə bɹɪ̃ŋ ðiːz θɪ̃ŋz wɪθ həɹ fɹʌ̃m nə stɔɹ sɪks spũːnz əv fɹɛʃ ʃnoʊ pʰiːz faɪv θɪk slæbz əv blu tʃiːz æ̃n meɪbi ə snæk fəɹ həɹ bɹʌðəɹ bɑːb̚ wi ɔlsoʊ niːd ə smɔl plæstɪk sneɪk æ̃n ə bɪɡ tʰɔɪ fɹɑːɡ fə ðə kɪdz ʃi kə̃n skup ðiːz θɪ̃ŋz ɪ̃ntə θɹi ɹɛd bæːɡz æ̃n wi wɪl ɡoʊ mit həɹ wɛ̃nzdeɪ æt ðə tɹẽɪn steʃən]
"
english101.mp3,"﻿[pʰliːzkʰɑl stɛlə æsk həɹ ɾə bɹɪ̃ŋ n̪iːz θɪ̃ŋz wɪθ həɹ fɹə̃m ðə stɔːɹ sɪks spʉːnz əv fɹɛʃ snoʊ pʰiːz faɪv θɪk slæbz əv blu tʃiːz æ̃n meɪbi ə snæk fəɹ həɹ bɹʌðəɹ bɑːb wi ɑlsə nid ə smɑl plæstɪk sneɪk ɛ̃n ə bɪɡ tʰɔɪ fɹɑːɡ fəɹ ðə kɪdz ʃi kə̃n skʉp ðiz θɪ̃ŋz ɪ̃ntə θɹiː ɹɛd bæːɡz æ̃n wi wɪl ɡoʊ mit həɹ wɛ̃nzdeɪ æt ðə tɹẽɪn steɪʃə̃n]
"
english102.mp3,"﻿[pʰliːzkʰalˠ stɛlə æsk əɹ ɾə bɹɪ̃ŋ ðiːz θɪ̃ŋz wɪð əɹ fɹʌ̃m ðə stɔɹ sɪks spũːnz əv fɹɛʃ ʃnoʊ pʰiːz faɪv θɪk slæːbz əv bluː tʃiːz ə̃n meɪbi ə snæk fəɹ əɹ bɹʌðəɹ bɑːb wi alˠsoʊ niːd ə smɔl plæstɪk sneɪk ə̃n ə bɪɡ tʰɔɪ fɹɑːɡ fəɹ ðə kɪdz ʃi kə̃nː skup ðiːz θɪ̃ŋz ɪ̃ntə θɹi ɹɛd bæɡz ə̃n wi wɪl ɡoʊ miːʔ həɹ wɛ̃nzdeɪ ət ðə tɹẽɪn steɪʃə̃n]
"
english103.mp3,"﻿[pʰliːzkʰɔl stɛlə ɛsk ə ɾə bɹɪ̃ŋ ðiz θɪ̃ŋz wɪð ɚ fɹʌ̃m ðə stɔː sɪks spũːnz əv fɹɛʃ snoʊ pʰiːz faɪv θɪk slɛbz əv blu tʃiːz æ̃n meɪbi ə snæk fəɹ həɹ bɹʌðə bɔːb wi ɔlsoʊ niːd ə smɔl plɛstɪk sneɪk ɛ̃n ə bɪɡ tʰɔɪ fɹɑːɡ fə ðə kɪdz ʃi kə̃n skup ðiːz θɪ̃ŋz ɪ̃ntə θɹi ɹɛd bɛːɡz ə̃n wi wɪl ɡoʊ miʔ həɹ wɛ̃nz̚deɪ ət ðə tɹẽɪn steɪʃə̃n]
"
english104.mp3,"﻿[pʰliːzkʰɔl stɛlə æsk həɹ tə bɹɪ̃ŋ ðiːz θɪ̃ŋz wɪθ həɹ fɹʌ̃m nə stɔɹ sɪks spɛũnz əv fɹɛʃː snoʊ pʰiːz faɪv θɪk slæbz əv bluː tʃiːz æ̃n meɪbi ə snæ fəɹ həɹ bɹʌðəɹ baːb wiː ɔlsə niːd ə smɔl plæstɪk̚ sneɪk æ̃n ə bɪɡ tʰɔɪ fɹaːɡ fəɹ ðə kɪdz ʃəi kə̃n skuːp ðiːz θɪ̃ŋz ɪ̃ntə θɹiː ɹɛd bæːɡz æ̃m wi wɪl ɡoʊ miːt həɹ wɛ̃nzdeɪ ət ðə tɹẽɪn steɪʃə̃n] 
"
english11.mp3,"﻿[pʰl̥iːz̥kʰɑːl stɛ̝lʌ̆ ask ɜ tə bɹiŋ ðiz θiŋz wɪð ɜ fɹʌm ðə stɔə sɪks spu̟ːnz̥ ʌv̥ fɹɛʃ snoʊ pʰiːz̥ faɪv̥ θɪk slabz əv blu̟ ʧiːz ăn mebi ə snak fə hɜ bɹʌðɜ bɑ̆b wi ɔlso nid ə smɑːl plastɪk sneɪk an ə bɪɡ tʰɔɪ fɹɑɡ˺ fə ðə kɪdz̥ ʃi kʰən sku̟p˺ ðiz θɪŋz ɪntə θɹi ɹɛd bæ̆ɡz̥ wi wɪl ɡoʊ mit ɜ wɛnzde æt̪ʔ ðə tɹen steɪʃən]
"
english12.mp3,"﻿[pʰl̥iːz̥kɑl stɛlʌ æsk hɜ tŭ bɹiŋ ðiz̥ sɪŋz̥ wɪθ hɜ fɹʌm ðə stɔː sɪks spuːnz̥ əv̥ fɹɛʃ snoʊ pʰiːz̥ faɪv̥ θɪk slæbz̥ əv bluw ʧiːz̥ æ̆n meɪbi ə snæk˺ fə hɜ bɹʌðɜ bɑb wi ɑlso nid ə smɑl pʰl̥æstɪk sneɪk æ̆n ə bɪ̆ɡ̥ tɔɪ fɹɑɡ fə ðə kɪdz̥ ʃi kən skuwp˺ ðiz̥ siŋz̥ ɪ̃ntŭ θri ɹɛd˺ bæɡz̥ æn wɪl ɡo tʰŭ æn wi wil ɡoʊ mit hɜ wɛnz̥deɪ æ̆tʔ ðə tɹeɪn steɪʃən]
"
english13.mp3,"﻿[pʰl̥izkʰɒlˠ stɛlɑ ɑsk hɜ tʰŭ bɹĩŋ ðiz̪ sθĩŋz wɪθ hɜ fɹʌm ðə stoə sɪks spũːnz ʌv̥ fɹɛʃ snoʊ pʰiːz faɪv̥ θɪk slæbz ʌv bluː ʧiːz æn meɪbi ə snæk fə hə bɹʌðə bɒb wi ɒlso nid ə smɒl pʰl̥æstɪk sneɪk ə̃n ə bɪɡ̥ tʰɔɪ fɹɒɡ fə ðə kɪdz̪ ʃi kʰæ̆n skup ðiz̪ sθĩŋz ɪntʰŭ θɹi ɹɛd bæɡz æ̃n wi wɪl ɡo mit hɜ ɑ̃n wɛ̃nz̪deɪ æt̪˺ ðə tɹẽɪn stẽɪʃə̃n]
"
english14.mp3,"﻿[pʰl̥iːzkʰɑl stɛ̝lʌ æsk ɝ ɾə bɹĩŋ ðiːz θɪ̃ŋz wɪθ hɝ fɹʌ̆m ðə stoə̆ɹ sɪks spũ̞nz ə fɹɛːʃ snŏ̞ pʰɪiz faɪv̥ θɪk slæbz əv blu̞ ʧiːz ɛn mɛbi ə snæk fɝ ɝ bɹʌðɝ baːb̥ wi ɑltso nid ə smɑl pʰl̥æ̞stɪk sneɪk ɛn ə bɪɡ̥ tʰɔɪ fɹɒːɡ fə ðə kɪdz̥ ʃi kɛ̆n skup ðiz θɪ̃ŋz ɪ̃nɾə θɹi ɹɛd baɪ̆ɡz̥ æ̆n wi wɪl ɡŏ ɾə miɾ ɝ wɛ̝̃ːnzde æt ðə tɹẽn steʃɪ̆n]
"
english15.mp3,"﻿[pʰləĭzkʰaːlˠ stəɛlə æsk hɝ tʰə bɹəɪ̃ŋ ðəĭz θəɪ̃ŋz fɹʌ̃m hɝ wɪθ hɝ fɹə̃m ðə stɔɹ sɪk spuũnz ə fɹeʃ snə̆oʊ pʰəĭz fɑːv θɪkʰ slæbz ʌv bluu ʧəiz æ̃n meɪ̆bi ə snæk fɔɹ hɝ bɹʌðɚ bɑːb wii 
alsoʊnəid ə smɑlˠ pʰlæstɪk sneɪ̆k æ̃n ə bɪɡ tʰɔɪ fɹʌ̃m hɝ fɔɹ ðə kʰiɪdz ʃii kʰn̩ skuup ðiiz θəɪ̃ŋz ɪ̃ntə θɹii ɹɛ̝d bæɡz æ̃n wi wʌlˠ ɡə̆oʊ məĭt˺ hɝ wɪ̃nzdeɪ̆ ɛt̪ ðə tʰɹeɪ̆n steɪʃn̩]
"
english16.mp3,"﻿[pʰl̥ə̆ɪzkɑl stɛlə æsk hɚ tu bɹɪŋ ðə̆is θəɪ̃ŋɡ̥s w̥ɪð hɚ fɹəm ðə stɔːɹ sɪks spu̝nz əv̥ fɹɛʃ snoʊv̥ pʰə̆is̬ faːvs̬ː θik slæəbz ə blu ʧə̆iz ɛn mɛɪbi ə snæk˺ fɚ hɚ bɹʌðɚ bɔːb wə̆i ɔlsɔ niːd eɪ smɔl plæstɪk sneɪk ɔːɹ eɪ bɪɡ tʊ̆ɔɪ fɹɑɔ̆ɡ fə̆ ðə kʰiə̆dz̥ ʃi ken sku̝p ðiːs̬ θə̃ɪŋks ɪntu̝ θɹi ɹɛd bæːɡ̥s wi wʉːlˠ ɡoʊ miːt˺ hɚ wĕɪnzdeɪ æt ðə tɹeɪn steɪʃə̃]
"
english17.mp3,"﻿[pʰlə̆izkɔlˠ stɛlʌ æsk ɚ ɾə bɹɪ̃ŋ ðoʊs s̪ɪ̃ŋz̥ wɪðɚ fɹɔm ðə stoəɹ sɪks spu̝nz əv̥ fɹɛʃ snoʊ pʰə̆iːz faːv̥ θɪk slæbz ʌv blu̝ ʧə̆iːz æn meɪbi ə snæk fɔɹ hɚ bɹʌðɚ bɔb wi ɒlsɔ nid ə smɔːl plæstɪk sneɪk ænʌ bɪɡ tɔɪɹ fɹʷɔːɡ fɔɹ ðə kiədz ʃi kə̃n sku̝p ðiːs s̪əɪŋɡz ɪntʊ θɹiː ɹːɛd bæːɡz æn wi wɪlˠ ɡoʊɽə̆ʔ ɡoʊ miːt˺ ɚ wɪ̃nzdiː æt ðə tɹeɪ̃n steɪʃɪn]
"
english18.mp3,"﻿[pʰl̥əizkɔl stəɛlʌ æsk hɝ tʰŭ bɹə̆ɪ̃ŋ ðiːz θɪŋz wɪθ hɝ fɹʌm ðə stoəɹ sɪks spũ̝ːnz ʌv̥ fɹɛʃ snoʊ̆ pəiːz faːv θɪk slæbz əv̆ blu̝ ʧiːz ɛ̆n mɛbi ə snæk fŏɹ hɝ bɹʌðɚ bɑːb wi also niːd ə smɑːl pʰl̥æstɪk sneɪk ɛn ə bɪɡ˺ tʰɔɪ fɹɔɡ fə ðə kʰiədz̥ ʃi kʰən sːku̝p ðiːz θəɪŋz̥ ɪntʰu θɹiː ɹed bæːɡz̥ ɛn wi wɪl ɡoʊ miːt hɝ wɪ̃nzdi æt ðə tɹeɪ̃n steɪʃən]
"
english19.mp3,"﻿[pʰliːz̥kɑl stɛlə æsk hɚ ɾʊ̆ bɹɪ̃ŋ ðiːs θɪ̃ŋɡz wɪð hɚ fɹɔ̃m ðə stoəɹ sɪks spũ̝ːnz əv̥ fɹɛʃ snoʊ pʰə̆iːz̥ faːv̥ θɪk slɛ̆æbz əv blu ʧə̆iːz ə̃n meɪbi ə snæk˺ fɚ hɚ bɹʌðɚ bɑːb wi ɔlˠsɔ nid̥ ə smɔlˠ plæstɪk sneɪk ɛnə bɪːɡ tɔɪ fɹɑ̆oɡ fə ðə kɪə̆dz̥ ju kə̃n sku̝p ðis θə̆ɪŋɡz ɪnt̆ θɹi ɹɛd bɛ̆æɡz̥ ən wi wɪl ɡoʊ miːt hɚ wɛ̃nzdiː æt̪ ðə tɹeɪ̃n steɪʃən]
"
english2.mp3,"﻿[pʰliːzkɒl stɛlə ʔɑsk hɜ tə bɹɪ̃ŋ ðiːz θɪ̃ŋz wɪθ hɜ fɹə̃m ðə stɔː sɪks spũ̟ːnz əf fɹɛʃ snəʊ pʰiːz faɪv θɪk slæbz əv blu̟ ʧiːz æ̃m meɪbi ə snæk fɜ hɜ bɹʌðə bɒb wi ɔlˠsəʊ nidə smɔl pʰlæstɪk sneɪk ʔæ̃n ə bɪɡ tɔɪ fɹɒɡ fə ðə kɪdz ʃi kə̃n sku̟p ðiːz θɪ̃ŋz ʔ ɪ̃ntə θɹi ɹɛd bæɡz ʔæ̃n wi wɪl ɡəʊ mit hɜ wɛ̃nzdeɪ æ̆t ðə treɪ̃n steɪʃə̃n]
"
english20.mp3,"﻿[pʰl̥iskʰaʊ̆lˠ stɛlə æsk hɛɹ ɾə bɹəɪ̆ŋ ðis θə̆ɪ̃ŋɡ̥s wɪð hɛɹ fɹəm ðə stoəɹ sɪks spũ̝nz əf fɹɛʃ sno̝ʊ pʰə̆iz faːv̥ θɪk slæ̝bz ʌv̆ blu̞ ʧiːz ən meɪbi ə snæk fɔɹ hɚ brʌðɚ bɔb̥ wi ɔlsŏ nidə ps̩smɔlˠ plæ̞stɪk snæ̝ɪk ɛnə bɪɡ̥ tɔɪ fɹaʊ̆ɡ fɚ ðə kʰiː̞ɪdz ʃi kɛ̃n sku̝p ðis θəɪ̃ŋs ɪntʊ̆ θɹi ɹɛ̝d bæ̝ɡ̥s ɛ̃n wi wɪl ɡo̝ʊ mit˺ hɚ wɪ̃nzdeɪ ɛt ðə tɹeɪ̃n steɪʃən]
"
english21.mp3,"﻿[pʰl̥iz̥kalˠ stɛ̞lə æsk hɚ ɾə bɹɪŋ ðiːz̥ θɪŋɡz̥ wɪð hɚ fɹɔm n̪ə stɔə sɪks spũːnz ʌv̥ fɹɛʃ snoʊ pʰiːz̥ faɪv t̪ɪk slæbz ʌv blu ʧiːz n̩ meɪbi ə snæk fɔɹ hɚ bɹʌðə bɔəb˺ wi ɔlsɔ niɾə smɔlˠ pʰl̥æstɪk sneɪk æ̃nə bɪɡ tɔɪ fɹaɡ fə ðə kʰɪ̞ːdz ʃi kə̃n skup ðis θɪŋɡz ɪntə θɹi ɹɛd bæːɡz ɛ̃n wi wɪlˠ ɡoʊ miːt˺ hɚ wɛnz̥deɪ æt̪ ðə tɹeɪn steɪʃən]
"
english22.mp3,"﻿[pliskɔl stɛlːʌ axs hɚ tʊ bɹɪŋ d̪is θĩns wɪð hɜɹ fɹɔm ðə stɔɹ siks spũn ʌf fɹɛʃ sno pʰiːz̥ faɪv̥ t̪ɪk˺ slɑbz̥ ɔv blu ʧiːz ə̃n meɪβɪ ə s̩næ̞k˺ fɔ hɚ bɹʌðɚ bɒb wi ɔls̬o niɾə smɔl plɑst̪ɪks s̩neɪʔ ɛnə bɪːɡ̥˺ tɔɪ fɹɒɡ fɔ d̪ə kidz̥ ʃiː kɛn skup˺ d̪is θɪ̃ŋs ɪntuː t̪ri rɛdə̆ bæ̞ɡz̥ æ̃ wi wɪl ɡoʊ̆ miʔ mĭʔ mit hɚ wɛ̃nzdeɪ æ̞t̪ ðə̆ tɹeɪ̃n steɪʃən]
"
english23.mp3,"﻿[pʰl̥izkʰaʊl stɛlʌ æsk həɹ ɾʊ̆ bɹɪ̃ŋ ðiːs̪ θɪ̃ŋz wɪθ həɹ fɹə̃m ðə̆ stoəɹ sɪks spəũːnz əv fɹɛʃ snoʊ pʰəiːz̥ faː θɪk slæːbz ə blu ʧəiːz ɛ̃n meɪbi ə sːnæk˺ fəɹ həɹ bɹʌðɚ bɑːb wi ɑlso niɾ ə smɑʊlˠ pʰl̥æstɪk sneɪk ɛ̃n ʌ bɪɡ tʰɔɪ fɹɑɡ˺ fəɹ ðə kiədz ʃi kə̃n skŭ̝p ðiːs θəɪ̃ŋz ɪ̃ntə θɹiː ɹɛ̝d baɪɡz̥ æ̃n wi wəlˠ ɡoʊ mə̆iʈ həɹ wɪ̃nzdiː æt d̪ə tɹe̞ɪ̃n steɪʃən]
"
english24.mp3,"﻿[pʰl̥izkɔlˠ stɛla ask ɚ tʊ̆ brɪ̃ŋ ðiːz̥ θɪ̃ŋz wɪθ hɚ fɹə̃m ðə stɔːɹ sɪks spʊ̹̃nz ʌv fr̆ɛʃ snoː pʰiːz faɪv θɪk˺ slæ̞ːbz ʌ bluː ʧiːz ɛ̃n mebi ə snæ̞k˺ fʊr ɚ bɹʌðɚ boːbʰ wĭ ɑlsə nid ʌ smɔːlˠ pʰl̥æ̞ːstɪk˺ sneɪk ɛ̃n ə bɪk˺ tʰɔɪ frɒɣ fɚ ðə kɪts ʃi ɡə̃n skʊ̹p ðiːs sɪ̃ŋz ɪntə θriː ɻɛd bæ̞ːɡz̥ ăn wɪlˠ ɡo mit hɚ ə̃n wɛʔə̆nsdĭ ɛt˺ ðə tɹeɪ̃n steɪʃə̃n]
"
english25.mp3,"﻿[pʰl̥izkɑʊlˠ stɛlʌ æsk hɚ ɾə bɹɪŋ ðiːz̪ θɛ̆ɪŋz wɪð hɚ fɹʌm n̪ðə stɔəɹ sɪks spuːnz ʌf fɹɛʃ snoʊ pʰiːz faːv θɪk slæːbz ʌ bluː ʧiːz ɛ̃n meɪbi ə snæk˺ fɔɹ hɚ bɹʌðɚ bɑːb wi ɑlso nid eɪ smaʊlˠ pʰl̥æstɪk sneɪk ʌ bɪɡ˺ tɔɪ frɔɡ˺ fɚ ðə kʰɪədz̥ ʃi kɪ̃n skup˺ ðiːs θẽŋz ɪntŭ θriː ɹɛd˺ bæːɡz̥ ɛ̆n wi wɪlˠ ɡoʊ miːt hɚ wɪ̃nzdi æt ðə tɹeɪ̃n steɪʃɪn]
"
english26.mp3,"﻿[plizkaʊ̆ːlˠ stɛlʌ æsk hɚ ɾə bɹɪŋ ðiːz̥ θə̆ɪŋz wɪθ hɛːɹ fɹʌm n̪ə stoːɹ sɪks spə̆unz ʌf fɹɛʃ s̱noʊ pʰəiz faɪv θɪk˺ s̱læːbz ʌ bluː ʧiːz̥ ə̃n mebi ə snæk˺ fɔɹ ɚ bɹʌðɚ bɑːbm̩ wi ɑlso nidə smaʊ̆lˠ pʰl̥æstɪk˺ sneɪk ɛn ə bɪɡ˺ tɔɪ fraʊ̆ɡ˺ fɔɹ ðə kɪdz ʃi kæ̃n skəŭp˺ ðiːz θɪ̃ŋz ɪntu θriː ɹɛd bæː̝ɡz ɛ̃n wi wɪlˠ ɡoʊ mit hɚ wɛ̃nzde æt˺ d̪ə tɹeɪ̃n steɪsən]
"
english27.mp3,"﻿[pʰl̥izkɑʊlˠ stɛla æsk hɚ tu bɹɪŋ ðiːz̥ θɪŋz wɪð hɛɹ fɹəm ðə stoəɹ sɪks spə̆ũnz ʌf fɹɛ̹ʃ ʃnoʊ pʰiːz faːv θɪk˺ slæːbz ʌ bluː ʧiːz̥ ɛ̃n meɪbiː e snæk˺ fɔɹ hɚ bɹʌðɚ baːb wi ɑʊlˠso nidə    smaʊlˠ pʰl̥æstɪk˺ snek ɛn ə bɪɡ˺ tʰɔɪ frɑɡ foɹ ðʌ kɪədz̥ ʃi kɛ̃n sku̝p˺ðiːz θɪ̃ŋz ɪntŭ θriː ɹɛd bæɡz ɛ̃n wɪlˠ ɡoʊ miʕ hɚ wɛ̃nzde æʕ ðə tɹeɪ̃n steɪʃən]
"
english28.mp3,"﻿[pʰl̥iskɔlˠ stɛlʌ æsk hɚ ɾə bɹɪŋ ðiːs θɪ̞ŋz̥ wɪθ hɚ fɹʌm ðʌ stɔːɹ sɪks spuːnz ʌv fɹɛʃ sno pʰiːz̥ faɪf θɪk slæːbz ʌ bluː ʧiːz ɛ̃n meɪbi ə snæk fɔɹ hɚ bɹʌðɚ bɔːb˺ wi ɔlso niɾ ʌ smɔːlˠ plæstɪk sneɪkʰ ɛ̃n ʌ bɪɡ tʰɔɪ frɔɡ fɔɹ ðʌ kɪdz̥ ʃi kẽn skuːp˺ ðiːz̥ θɪ̃ŋz ɪntə θɹiː ɹɛd bæ̝ɡz̥ ɛ̆n wi wɪlˠ ɡo̞ʊ miːt hɚ wɛ̃nzde æt ðə tɹeɪ̃n steɪʃən]
"
english29.mp3,"﻿[pʰliz̥kɔlˠ stɛlʌ æsk hɚ tu bɹɪŋ ðiːz̥ θɪŋz̥ wɪð hɚ fɹʌ̆m ðə stɔːɹ sɪks spuːnz ʌv fɹɛʃ sno pʰiːz̥ faɪv θɪk slæbz̥ ʌv blu ʧiz̥ ɛ̃n meɪbi ʌ snæk fɚ hɚ bɹʌðɚ bɔːb˺ wi ɔlso niːd ʌ smɔlˠ pʰlæstɪk sneɪk æ̃nd ʌ bɪɡ tʰɔɪ frɔɡ fəɹ ðə kɪd̥s ʃi kɛ̃n skuːp˺ ðiːz̥ θɪ̃ŋz ɪntu θɹiː ɹɛd bɛ̞ɡz̥ ɛn wi wɪlˠ ɡoʊ miːt hɚ wɛ̃nzdi æt ðə tɹeɪ̃n steɪʃən]
"
english3.mp3,"﻿[pʰl̥iskʰɔl stɛla ask hɜ tʰu bɹĩŋ ðiːs s̪ɪ̃ ŋz̥ wɪθ hɜ fɹʌm ðə stɔə sɪks spũ̞nz ə fɹɛʃ snəʊ pʰiːz̥ faɪv̥ θɪ̝k slæbz ə blu̝ː ʧiːz æn mɛ̞ɪbi ə snæk fə hɜ bɹʌðə bob̥ wi olso nid ə smol pʰl̥æ̝stɪk sneɪk æn ə b̝ɪɡ tʰɔɪ fɹoɡ fə ðə kʰɪ̝dz̥ ʃi kʰɛn sku̝ːp ðiːz s̪ɪ̃ŋz̥ ɪntʰŭ θɹi ɹɛd bæ̝ːɡz æn wi wɪl ɡəʊ mit hɜ wɛ̃nzdeɪ æt˺ ðə tɹeɪ̃n steʃɪn]
"
english30.mp3,"﻿[pliːzkɔl stɛlʌ æsk ɚ tə bɹɪ̃ŋ ðiːz θɪ̃ŋs wɪθ ɜɹː fɹəm ðə stɔːɹə̆ sɪks spũːnz ʌv fɹɛʃ snoʊ piːz faɪv θɪk slæːbz ʌv bluː ʧiːz æ̃ meɪbi ə snæk fɔɹ hɜɹ bɹʌðɚ bɑːb wi ɑlsə niːd ə smɔl plæstɪk sneɪk ɛnʌ bɪɡ tɔɪ fɹɑɡ fɜɹ ðə kɪd̥s ʃi kən skuːp ðiːz θɪ̃ŋz ɪntə θɹiː ɹɛd˺ bẽɪɡ̥s ɛn wi wəl ʔ ɡoʊ mit hɜɹ wɛnsdeɪ æt˺ ðə tɹeɪn steɪʃən]
"
english31.mp3,"﻿[pliz̥kol stɛlʌ ask ɚ tə bɹɪ̃ŋ d̪iz θɪ̃ŋs wɪf hɝ fɹəm d̪ə stɔ sɪks spuːnz ʌv̥ fɹɛʃ sno piːz faɪfʔ θɪk slæ̞bz̥ ɔv blu ʧiːz æ̝̃n mebi ə snak fɔ˞ hɝ bɹʌða bob˺ wi olso nidʌ plasːɪk sne̝ɪk ɛ̞nə bɪɡ tɔɪ fɹoːɡ fə ðə kɪds̥ ʃi kɛ̃n skup ðiːz̥ θɪ̃ŋz ɪntʊ θriː ɹɛd bæ̞ːɡz æ̞̃n vɪlː ɡoː mit hɐː wɛnsdeː at d̪ə tɹeɪn steɪʃʌn] 
"
english32.mp3,"﻿[pliːzkɑː stɛlʌ æsk ɚ̃ ɾə bɹɪ̃ŋ ðiːz θɪ̃ŋz wɪθ ɜ̃ɹ fɹəm ðə stoəɹ sɪks spũ̝ːnz ʌv fɹɛʃ snoʊ piːz faɪv̥ θɪk slæ̃ːbz ʌv bluː ʧiːz ɛ̃n meɪ̃bi ẽ snæ̃k fə̃ɹ həɹ bɹʌðəɹ bɑːb wi ɑso niːdʌ smɔl plæstɪk snẽik ɛ̃nʌ bɪɡ tɔɪ fɹɑɡ fəɹ ðə kɪə̆dz ʃi kə̃n sku̝p ðiːz θɪ̃ŋz ɪ̃ntu θɹiː ɹɛd bæ̃ɡz ɛ̃n wi wə ɤoʊ miːt hɛ̃ɹ wɪ̃nzdeɪ æt ðə tɹeɪ̃n steɪʃə̃n]
"
english33.mp3,"﻿[plizkɔl stɛlʌ æsk həɹ tu bɹɪ̃ŋ ðiːz θɪ̃ŋz wɪθ ɛɹ fɹʌm n̪ə stɔːɹ sɪks spũːnz ʌv fɹɛʃ ʃnoʊ piːz faɪv̥ θɪk slæːbz ə blu̞ː ʧiːz ɛ̃n meɪbi e snæk fəɹ həɹ bɹʌðəɹ bɑːb wi ɑsoʊ nid e smɔl plæsːɪk sneɪk ɛn e bɪɡ tɔɪ fɹɔːɡ f̩ fɔːɹ ðʌ kɪdz ʃi kɛ̃n sku̝ːp d̪iːz θɪ̃ŋz ɪ̃ntu̞ː θɹiː ɹɛd bæːɡz ɛn wi wəl ɡoʊ miːt ʔhəɹ wɪ̃nzdeɪ æt ðə tɹeɪ̃n steɪʃə̃n]
"
english34.mp3,"﻿[pʰliːzkɔʷl stɛlʌ æ̃sk ɚ ɾə bɹɪ̃ŋ ðiːz̪ θɪ̃ŋz wɪθ hɝ fɹəm ðə stɔəɹ sɪks spũːnz əv fɹɛʃ snoʊ piːz faɪv θɪk slæː̃bz ə blʷu ʧiːz ɛ̃n meɪbi ə snæ̃k fə̥ hɝ bɹʌðə bɑːb wi ɔlsə nidə smɔl plæstɪk st̬ẽɪk ɛ̃nə bɪɡ tɔɪ fɹɑɡ fə ðə kɪdz ʃi kʊ̃d skuːp̬ ðiːz θɪ̃ŋz tə θɹiː ɹɛd bæ̃ːɡz æ̃n wi wəl ɡoʊ miːt˺ hɝ wɛ̃nzeɪ æt˺ d̪ə tɹeɪ̃n steɪʃə̃n]
"
english35.mp3,"﻿[pʰliːzkɑlˠ stɛ̝lʌ æ̝̃sk hɜɹ ɾə bɹɪ̃ŋ ðiːs̬ s̪ɪ̃ŋz wɪθ hɜɹ fɹʌm ðə stoəɹ sɪks spũ̞ːnz ʌv fɹɛʃ snõʊ̞ piːz fãɪv θɪk slæ̝̃ːbz ʌv bluː ʧiːz ɛ̃n meɪbi ə snæk fɜɹ hɜɹ bɹʌðəɹ bãːb wi ɔlsoʊ nidə smɔlˠ plæstɪk sneɪk ɛ̃n ə bɪɡ tɔɪ fɹɔːɡ fɔɹ ðə kɪə̆dz ʃi kɛ̃n skup ðiːz s̪ɪ̃ŋz ɪ̃ntuː θɹiː ɹɛd bɛ̃ːɡz ɛ̃n wi wɛl ɡoʊ̞ miːt hɜɹ wɛ̃nzdeɪ æt ðə tɹeɪ̃n steɪʃə̃n]
"
english36.mp3,"﻿[pliːz̥kɔlˠ stɛlʌ æsk ɚ ɾə̆ bɹɪ̃ŋ n̪iːs θɪ̃ŋz wɪθ hɚ fɹʌm n̪ə stɔːɹ sɪks spũːnz ʌv fɹɛʃ snoʊ piːz̥ faɪv θɪk slæːbz ʌb bluː ʧiːz ɛ̃n meɪbi ə snæk˺ fəɹ hɚ bɹʌðɚ bɑːb wɪ ɔlˠsoʊ̆ nidʌ smɔlˠ plæstɪk sneɪk ɛ̃nə bɪɡ tɔɪ fɹɔːɡ fɚ ɾə̆ kiədz ʃi kʌ̃ skup d̪iːz θɪ̃ŋz ɪ̃ntə θɹiː ɹɛd bæ̝ːɡz ɛ̃n wi wɪl ɡoʊ̆ miːt hɚ wɛ̃nz̥deɪ æt̪ d̪ə tɹeɪ̃n steɪʃə̃n]
"
english37.mp3,"﻿[pliːskɔl stɛlʌ ask hɚ ʈu bɹɪ̃ŋ d̪iːs θɪ̃ŋs vɪð hɚ fɹʌm d̪ə stoːɹ sɪks spuːnz̥ ɔv̥ frɛʃ sno̝ʊ piːz faɪf θɪk slæbz əv̥ bluː ʧiːz ɛ̃n meɪbi ə snæk fɔ̆ɹ hɚ bɹʌðɚ bɒb˺ vi ɔltsŏ niːd ə smɔl plæ̞stɪk sneɪk æ̝̃n ə bɪɡ˺ ʈɔɪ fɹɔɡ fɔɹ d̪ə kɪɖs ʃi kɛ̃n skup d̪iːs t̪ɪ̃ŋs ɪ̃nʈu θriː bæɡ̥s æ̃n wi wɪl ɡoː miːʈ hɚ wɛ̃nsd̥eː æt˺ ɖə tɹeɪ̃n steɪʃə̃n]
"
english38.mp3,"﻿[pʰl̥iːzkɔlˠ stɛlʌ ɑːsk ɜ tə bɹɪ̃ŋ ðiːz θɪ̃ŋz wɪð hɜː fɹəm n̪ə̆ stɔː sɪks spu̟ːnz ʌv fɹɛʃ snɛ̆oʊ pĕiːz̥ fɒɪv̥ θɪk slæbz ʌv̥ blɛ̆u̝ ʧeiːz ʌ̃ me̞ɪbi ə snæ̝k fɚ hɜ bɹʌðə bɔːb wi ɔ̝lso niːd ə smolˠ plæ̝stɪk sneɪk æ̃nə bɪɡ tɔɪ fɹoɡ̥ fə ðə kɪdz ʃi kə̃n skɛ̆u̝p˺ ðiːz θɪ̃ŋz ɪ̃ntə θɹiː ɹɛd bæ̝ːɡz æ̆m wi wəlˠ ɡɛ̆oʊ mə̆it˺ hɜː wɛ̃nzde̞ɪ æ̆t ðə tɹeɪ̃n ste̞ɪʃə̃n]
"
english39.mp3,"﻿[pliːz̥kaʊ̆l stɛlɚ æsk hɜɹ ɾə bɹɪ̃ŋ ðiːz θɪ̃ŋz wɪθ hɜɹ fɹʌ̃m ði stɔəɹ sɪks spəũnz əv fɹɛʃ snoʊ piːz faɪv θɪk slæbz ə bluː ʧiːz ɛ̃n meɪbi ə snæk˺ fəɹ hɜɹ bɹʌðəɹ baːb wi ɔlsə niːd ə smaʊl plæ̝stɪk sneɪk ə̃n ə bɪɡ tɔɪ fɹɔɡ fə ðə kɪədz ʃi kə̃ns skuːp ðiːz θɪ̃ŋz ɪ̃ntuː t̪ɹi ɹɛd bæ̝ɡz ɛ̃n wi wɪl ɡoʊ miːt hɜɹ wɛ̃nzdeɪ æt ðə tɹeɪ̃n stẽɪʃə̃n]
"
english4.mp3,"﻿[pʰl̥iːzkɑl stɛlʌ̆ a̝sk hɛɹ tʰŭ bɹĩŋ ðiːz θĩŋz wɪθ hɛɹ fɹom ðə stɔ̟ɹ sɪks spũːns ʌv̥ fɹɛʃː sno pʰiːz faɪv θɪk˺ slæbz ʌf blu ʧiːz æ̞̃nd mebi ə snæk foɹ hɛ̆ɹ bɹʌðə bab wi ɒlso niːd ə smɒːl pʰl̥æ̞stɪk sneɪk æ̞nd ə bɪɡ˺ tʰɔɪ fɹɑɡ fŏɹ ðə kɪd̥s ʃi kʰə̃n skuːp˺ ðɪz θĩŋz ɪntŭ θɹiː ɹɛd bæ̝ɡz̥ æ̃n wi wɪl ɡoʊ nɛk˺ ɡo miːt hɛɹ wɛ̃nzdeɪ æt ðə tɹeɪ̃n steʃə̃n]
"
english40.mp3,"﻿

[pʰl̥iːzkol stɛlʌ æ̝sk ɜ̆ tŭ bɹɪ̃ŋ ðiːz̪ t̪ɪ̃ŋz wɪð ɜː fɹə̃m n̪ə stoː sɪks spũːnz əv fɹɛʃ ʃnɛʊ pəiz fɒɪv θɪk slæ̞bz əv blu̞ ʧəiz n̩ mɑɪbi ə snæk fɚ ɜ bɹʌðə bɑːb̥ wi ɔlsoʊ ne̝d ə smɔl pʰl̥æstɪk sneɪk ə̃n ə bɪɡ tɔɪ fɹɔ̆ɡ fə ðə kɪd̥s ʃi kə̃n skəup ðiːz θɪ̃ŋz ɪ̆ntŭ θɹiː ɹɛd˺ bæ̝ɡ̥s ə̃n wi wɪl ɡo̟ʊ məit ɜ wɛ̃nzdiː ət ðə tɹeɪ̃n stẽɪʃə̃n]
"
english41.mp3,"﻿

[aːpliːz kol stɛ̝lə æ̞sk ɜ ɾə bɹɪ̃ŋ ðiːz θɪ̃ŋz wɪθ hɜ fɹʌ̃m n̪ə stɔə sɪks spəunz ɑ̆v̥ fɹɛʃ snɛ̆ʊ piːz faɪv θɪk slæbz əv blu ʧiːz ɛ̃n meɪbi ə snæk fɔ hɜ bɹʌðə bɒb˺ wi ɔlsoʊ niːd ə smɔ̰l plæstɪk snaɪk æ̃n ə bɪɡ tɔ̰ɪ fɹɔ̰ɡ fɜ ðə kɪdz ʃi kɛ̃n skuːp˺ ðiːz θɪ̃ŋz ɪ̃ntu θɹi ɹɛ̝d bæɡz æ̃nd wi wɪl ɡăʊ miːt hɜ wɪ̃nzdeɪ æt ðə tɹeɪ̃n stẽɪʃə̃n]
"
english42.mp3,"﻿

[plizkol stɛlə ɒsk ɝ tʊ bɹɪŋ ðiːz̥ θɪŋz wɪθ ɜ fɹʌm n̪ə stɔ̝ sɪks spũnz̥ ʌv̥ fɹɛʃ snɛʊ piːz faɪv̥ θik slæːbz ʌv bluː ʧiːz ɛ̃n maɪbi e snæk fɔ ɜ bɹaðə bɑːb̥ wi ɔ̝lsə nid ə smɔ̝l plæstɪk snaɪk ɛ̃n ʌ bɪɡ tɔɪ fɹɒɡ̥ fɔ ðə kɪ̝dz ʃi kɛ̃n skup̬ ðiːz θɪ̃ŋz ɪntu θɹiː ɹeɪd bɛɡz ɛ̃n wɪ wəl ɡɛʊ mit ɜ wɪ̃nzdeɪ æt ðə tɹeɪ̃n steɪʃən]
"
english43.mp3,"﻿

[pliːzkɔl stɛlʌ æsk hɚ ɾə bɹɪŋ ðiːz̥ θɪŋz wɪθ hɚ fɹʌm ðə stoəɹ sɪks spũnz̥ əv fɹɛʃ snoʊ piːz faɪv θɪk slæbz ə bluː ʧiːz ɛ̃n meɪbi ə snæk fɚ hɚ bɹʌðɚ bɑːb̥ wi ɔlsoʊ nid ə smɔl plæstɪk sneɪk ɛ̃n ə bɪɡ tɔɪ fɹɑɡ fɚ ðə kɪdz ʃi kə̃n skuːp ðiːz θɪ̃ŋz ɪntu θɹiː ɹɛd bæ̝ɡz ə̃n wɪ wəl ɡoʊ miːt hɜɹ wɛ̃nzdeɪ æt ðə tɹeɪ̃n steɪʃʌn]
"
english44.mp3,"﻿

[pʰlizkaʊl stɛla æ̝sk hɜɹ ɾə bɹɪŋ ðiːz θɪŋz wɪθ hɜɹ fɹʌm ðə sto̰əɹ sɪks spə̆ũ̝ns əv fɹɛ̝ʃ snɛ̆ʊ piːz fa̝ːv θɪk slæbz ə blu ʧə̆iz ɛ̃n me̞ɪbi ə snæk fɚ hɚ bɹʌðɚ baːb̥ wi also niːd e smaʊl plæstɪk sne̞ɪk æ̃n e bɪɡ˺ tɔɪ fɹɑɡ fɚ ðə kɪədz ʃi kə̃n sku̝p ðiz θɪ̃ŋz ɪntu θɹiː ɹɛd bæɡz æ̃n wɪ wɪl ɡɛʊ miːt hɜɹ wɪ̃nzdeɪ æ̝t ðə tɹeɪ̃n steɪʃən]
"
english45.mp3,"﻿

[pliːzkɑʊl stɛːlʌ æsk hɜɹ tŭ bɹɪ̞ŋ ðəiz̥ sθeɪŋz wɪθ hɜɹ fɹʌm ðə stowəɹ sɪks spəunz əv fɹɛʃ snəo pəɪz faːv θɪk slæ̆əbz ə bləu ʧəiz ɛ̃n me̝ɪbi ə snæə̆k˺ fɚ hɚ bɹʌðɚ bɑːb wi a̝lsoʊ nəid e smaʊl plæstɪk snəɪːk æ̃n e bɪɡ tʰɔɪ fɹɑʊɡ fɚ ðə kiədz ʃi kɛ̃n sku̝p ðiːz θəɪ̃ŋz ɪndə θɹiː ɹɛ̝d bæːɡz ə̃n wɪ wəl ɡoʊ tə miːt hɜɹ wɪ̃nz̥deɪ æt ðə tɹaɪ̃n steɪʃən]
"
english46.mp3,"﻿

[pʰl̥iz̥kɔl stɛlʌ æsk hɜɹ tŭ bɹɪŋ d̪iːz̥ θɪŋz wɪθ hɜɹ fɹʌm d̪ɪ stɔɹ sɪks spə̆unz əv fɹɛ̝ʃ snoʊ piːz fɑɪv θɪk slæbz əv blu ʧiːz æ̃n meɪbi e snæk fɔɹ hɜɹ bɹʌɾə bɑb wi ɔlsoʊ niːd e smɔl plæstɪk sneɪk æ̃n e bɪɡ tɔɪ fɹɑɡ fɔɹ ɾɪ kɪdz̥ ʃi kæ̃n skup d̪iːz̥ θɪ̃ŋz ɪntu θɹiː ɹɛd bæ̝ɡz æ̃n wɪ wəl ɡoʊ miːt hɜɹ wɪ̃nzdɪ æt d̪ə tɹeɪ̃n steɪʃə̥n]
"
english47.mp3,"﻿

[pʰl̥izkaʊl stɛ̰lʌ æ̝sk hɜɹ tə bɹɪŋ ðiːz̥ θɪŋz̥ wɪθ hɜɹ fɹʌm ðə stɔwəɹ sɪks spəũnz əv fɹɛ̝ʃ snoʊ pəḭz faːv θɪk slæbz əv blu̝ ʧə̆iːz æ̝̃n meɪbi e snæ̝k fɔɹ hɜɹ bɹʌðə bɑːb wi ɔlsoʊ nid e smaʊl pʰl̥æstɪk sneɪk æ̃n e bɪɡ tɔɪ fɹɑʊɡ fɔɹ ðə kɪədz ʃi kɛ̃n sku̝p ðiːz θɪ̃ŋz ɪntu θɹiː ɹeəd bæ̝ːɡz æ̃n wɪ wəl ɡoʊ miːt hɜɹ wɪ̃nzdɪ æt ðə tɹeɪ̃n steɪʃən]
"
english48.mp3,"﻿

[plizkol stɛla ask hɜ ɾə bɹɪŋ ðiːz θɪŋz wɪθ hɜ fɹəm ðə stɔə sɪks spũːnz ʌv fɹɛʃ snɛʊ piːz faɪv θɪk slæbz ʌv blu̟ː ʧiːz ɛ̃n meɪbi ə snæk fə hə bɹʌðə bob̥ wi ɔlsɛʊ niɾ ə smɔl plæstɪk sneɪkʰ ɛ̃n ə bɪɡ tɔɪ fɹɔɡ fɜ ðə kɪdz̥ ʃi kə̃n skup ðiːz θɪ̃ŋz ɪntə θɹiː ɹɛd bæɡz ɛ̃n wi wəl ɡɛʊ mit hɜ wɛ̃nzdeɪ æt̪ ðə tɹeɪ̃n steɪʃən] 
"
english49.mp3,"﻿

[pliz̥kɔl stɪ̞lʌ æsk ɚ ɾə bɹɪŋ ðiːz̥ s̪ɪŋz wɪθ hɚ fɹəm n̪ə stɔəɹ sɪks spũnz əv̥ fɹɛʃ snoʊ piːz̥ faɪv̥ θɪk˺ slæːbz ʌv bluː ʧiːz̥ ɛ̃n meɪbi ə snæk fɚ hɚ bɹʌðɚ bɑb wi ɑlsə niɾ ə smɔːl plæstɪk sneɪk ɛ̃n ə bɪɡ tɔɪ fɹɑɡ fɚ ðə kɪdz̥ ʃi kə̃n skup d̪iːz̥ s̪ɪ̃ŋz̥ ɪndə θɹiː ɹɛd bæ̝ɡz̥ ɛ̃n wi wəl ɡoʊ miːt˺ ɜɹ wɛ̃nz̥deɪ æt d̪ə tɹeɪ̃n steɪʃən]
"
english5.mp3,"﻿

[pʰl̥iːzkʰɑːl stɛlʌ æ̝sk hɚ ɾə bɹĩŋ ðiːz θĩŋz wɪθ hɛɹ fɹʌ̃m ðə stoːɹ sɪks spũ̝ːnz əv̥ fɹɛʃ snoʊ pʰiːz̥ faːv̥ θɪk˺ slæ̝ːbz ə blu̝ː ʧiːz̥ ɛ̃n meɪbi ə snæ̝k˺ foɹ hɚ bɹʌðə bɑb wi ɑlso ni̱ːd ə smɑːl pʰl̥æstɪk sneɪk˺ æ̆n ə bɪɡ˺ tʰɔɪ fɹoɡ fŏɹ ðə kʰiɪdz̥ ʃi kʰɪ̃n sku̝ːp ðiːz̥ θĩŋz̃ ɪ̃ntʰu̝ θɹi ɹɛ̝d bæ̝ːɡz æ̝̃n wi wɪl miːt hɛɹ wɛ̃ntsdi æt ðə tɹeɪ̃n steɪʃɪ̆n]
"
english50.mp3,"﻿

[plizkɔl stɛlʌ æsk hɜɹ tə bɹɪŋ ðiːz θɪŋz wɪθ hɜɹ fɹən̪ ðə stɔɹ sɪks spũnz ʌv fɹɛʃ snoʊ piːz faɪv θɪk slæbz əv bluː ʧiːz ɛ̃n meɪbi ə snæ̃k fɚ hɚ bɹʌðɚ bãb wi ɔlsoʊ niɾ ə smɔl plæstɪk sneɪk ɛ̃n ə bɪɡ̥ tɔɪ fɹɔɡ fə ðə kɪdz ʃi kə̃n skup ðiːz̥ θɪ̃ŋz ɪnɾə θɹiː ɹɛd bæ̝ɡz ɛ̃n wi wɪl ɡoʊ miːt hɜɹ wɛ̝̃nzdeɪ æt ðə tɹeɪ̃n steɪʃən] 
"
english51.mp3,"﻿english

[pʰl̥izkɑːlˠ stɛlʌ æsk həɹ ɾə bɹɪ̃ŋ ðis s̪θɪ̃ŋz wɪð̥ hɚ fɹʌm ðə stɔːɹ sɪks spũːnz ʌf fɹɛʃ snoʊ̆ pʰiːz faɪv θɪk slæːbz ʌf bluː ʧiːz ɛ̃n meɪbi ə snæk˺ fɔɹ hɚ bɹʌðɚ baːb wi ɑlso nid ə smɔːlˠ pʰl̥æstɪk sneɪk ɛ̃n ə bɪɡ˺ tʰɔɪ frɔɡ˺ fɚ ðə kʰɪdz çi kə̃n skup˺ ðiːs θɪ̃ŋz ɪntŭ θriː ɹɛd˺ bæːɡz æ̃n wi wɪlˠ ɡoʊ miːt̬ həɹ wɛ̃zdeɪ æt ðə tɹeɪ̃n steɪʃə̃n]
"
english52.mp3,"﻿

[pʰlizkɔl stɛlʌ æsk hɚ ɾə bɹɪŋ n̪iːz θɪŋz wɪθ hɚ fɹʌm n̪ə stɔɹ sɪks spũnz ʌv̥ fɹɛʃ snoʊ piːz faɪv θɪk slæbz əv bluː ʧiːz æ̃nd meɪbi ə snæk fɚ hɚ bɹʌðɚ bɑːb̥ wi ɔlsoʊ niːd ə smɔl plæstɪk sneɪk æ̃nd ə bɪɡ tɔɪ fɹɑɡ fɚ ðə kɪdz ʃi kə̃n skup ðiːz θɪ̃ŋz ɪntŭ θɹiː ɹɛd bæ̝ɡz ɛ̃n wi wɪl ɡoʊ miːt hɜɹ wɛ̃nzdeɪ æt ðə tɹeɪ̃n steɪʃən]
"
english53.mp3,"﻿

[plizkɔl stɛlə æ̝̃sk hɜɹ ɾə bɹɪŋ ðiːz s̪ɪŋz wɪθ hɜɹ fɹəm ðə stɔːɹ sɪks spũnz ʌv fɹɛʃ snoʊ piːz faɪ̆f θɪk slæː̝bz ə bluː ʧiːz ɛ̃n meɪbi ə snæ̝̃k fɔɹ hɜɹ bɹʌðɚ bãb̥ wi ɔlso niɾ ə smɔlˠ plæstɪk sneɪk ɛ̃n ə bɪɡ tɔɪ fɹaːɡ fɚ ðə kɪd̥s ʃi kə̃n skup ðiːz s̪ɪ̃ŋz ɪntə θɹiː ɹɛd bæ̝ːɡz ɛ̃n wi wɪl ɡoʊ miːɾ ɚ wɛ̃nzdeɪ æt ðə tɹeɪ̃n steɪʃə̃n]
"
english54.mp3,"﻿

[plizkɔl stɛlʌ æsk ɚ ɾə bɹɪŋ ðiːz θɪŋz wɪθ hɜɹ fɹəm n̪ə stɔɹ sɪks spũnz əv fɹɛʃ snoʊ piːz faɪv θɪk slæbz əv blə̆u ʧiːz ɛ̃n meɪbi ə snæk fɚ hɚ bɹʌðɚ bab wi ɔlsoʊ niɾ ə smɔl plæstɪk sneɪk ɛ̃n ə bɪɡ tɔɪ fɹɔɡ fɹəm ðə fɔɹ ðə kɪdz ʃi kə̃n skup ðiːz s̪ɪ̃ŋz ɪntə θɹiː ɹɛd bæɡz ɛ̃n wi wɪl ɡoʊ miːt hɜɹ wɪ̃nzdeɪ æt ðə tɹeɪ̃n steɪʃə̃n]
"
english55.mp3,"﻿[pʰlizkʰɑlˠ stɛlə æsk ɚ tŭ bɹɪ̃ŋ ðiz θɪ̃ŋz wɪθ ɚ fɹəm n̪ə stɔːɹ sɪks spũnz əf fɹɛʃ snoʊ pʰiz faɛv θɪk sl̥æbz əv blu tʃiz ænː mɛɪbi ə snæk fɚ hɚ bɹʌðɚ baːb wĭ ʌlˠso niɾ ə smɑːlˠ pʰlæstɪk sneɪk æ̃n ə bɪɡ˺ tʰɔɪ fɹɑɡ fə ðə kʰɪdz ʃi kʰɪ̃n skup˺ ðiz θɪ̃ŋz ɪ̃ntə θɹi ɹɛd bæɡz æ̃nd wi wɪlˠ ɡoʊ mit hɚ wɛ̃nzdeɪ ɛt d̪ə tɹeɪ̃n steɪʃn̩]
"
english56.mp3,"﻿[pʰliːskʰɑlˠ stɛlə ɐsk hɚ ɾə bɹɪ̃ŋ ðis θɪ̃ŋz wɪ̞θ ɚ fɹə̃m n̪ə stʊɚ sɪks spũ̞nz əf fɹɛ̝ʃ sno piz faɪv θɪk slɐbz ə blu tʃʰiːz ã̆n meɪbi ə snɐk fɚ hɚ bɹʌðɚ bɞːb wi ɑlsŏ nid˺ ə smɑlˠ pʰlɐsɪk sneɪk ə̃n a bɛɡ̥ tʰɔɪ fɹɔʊɡ fə̆ ðə kʰɪdz̥ ʃi kɛ̃n skʊp˺ ðiz θɪ̃ŋz ɪ̃ntu θɹi ɹɛd˺ bɐɡ̥s ɛ̃n wi wɪl ɡo mit˺ hɚ wɛ̝̃nzde æt˺ ðə tʃɹeɪ̃n steɪʃɛ̆̃n]
"
english57.mp3,"﻿[plɨ̆izkoːlˠ stɛlă ask ɜ tʰə bɹɨ̆ɪŋ ðɨ̆iz θĩŋz wið a fɹɔ̃m n̪ə stɔː sɪkːs spʉ̆ũnz əf fɹɛʃ snəu pɨ̆iz fɒɪv θik slabz ə blʉ̆u tʃɨ̆iz ə̃n maɪbi ə snak fɚ ɜ bɹoðə bɔb̥ wɨ ɒlˠsəu nɨ̆id ə smolˠ pʰlastik snaɪk ə̃n ə bɪɡ̥ tʰɔɪ fɹɑɡ̥ fə ðə kits ʃi kə̆n skʉ̆up ðɨ̆iz θĩːŋz ɪ̃ntʰə θɹɨ̆i ɹɛd˺ baks ə̃nd wɨ wɪlˠ ɡəu mɨ̆it hɜ wɛ̃nzdɛɪ at ðə tɹăɪ̃n staɪʃɪ̃n]

"
english58.mp3,"﻿[pʰliːz kʰɔːlˠ stɛlə ask ɜ tə bɹɪ̃ŋ ðiz θɪ̃ŋz wɪθ hɚ fɹʌ̃m ðə stɔːɹ sɪks spu̹nz əf fɹɛʃ snoʊ pʰiːz fɑɪv θɪk slæbz əv blu tʃiːz ə̃n mɛɪbi ă snæk fə hɜ bɹʌðɜ bɔb wi ɔlˠsoʊ nid ə smɔːlˠ pʰlæstɪk snɨ̆ɪk ə̃n ə bɪɡ̥ tʰɔɪ fɹɔɡ fə ðə kɪts ʃi kə̃n sku̹p ðiz θɪ̃ŋz ɪ̃ntə θɹi ɹɛd baɡz ə̃n wi wɪlˠ ɡoʊ mit hɜ wɛ̃nzdeɪ at̪˺ ðə tʃɹeɪ̃n steɪʃʌ̆n]
"
english59.mp3,"﻿[pʰliskʰɔlˠ stɛlə æsk̆ ɚ ɾŭ bɹɪ̃ŋ n̪iz θɪ̃ŋz wɪθ ɚ fɹəm n̪ə stɔːɹ sɪks spũnz əf fɹɛʃ ʃnoʊ piːz fɑɪv θɪk sl̥æbz ə blu tʃiːz æ̃n meɪbi ə snæk fɚ hɚ bɹʌðɚ baːb wi ɑlˠso niɾ ə smɔlˠ pʰlæstɪk sneɪk ə̆̃n ə bɪɡ˺ tʰɔɪ fɹɑɡ fə̆ ðə kʰɪts ʃi kn̩ sku̘p ðis θɪ̃ŋz ɪ̃ntə θɹi ɹɛd˺ bæɡz ə̃ wĭ wɪlˠ ɡoʊ miɾ ɚ wɛ̃nz̥deɪ æt̪ ðə tʰɹeɪ̃n steɪʃə̃n]
"
english6.mp3,"﻿

[pʰl̥izkɑl stɛlʌ æ̃ːsk ə ɾə bɹiŋ ðoʊz θiŋs wɪθ hɚ fɹʌm ðə stɔə sɪks spuːnz əv̥ fɹɛʃ snoʊ piːz fa̱ɪv̥ θɪk slæ̟bz ʌv bluː ʧiːz æ̃n meɪbi ə snæ̟̃k fɔə hə bɹʌðə ɹɑ bɑb wi ɑlso nid ə smɑ̃l pʰl̥æ̟stɪk sneĩk æ̆n ə bɪɡ tʰɔɪ fɹɑːɡ fə ðə kʰɪdz̥ ʃi kʰə̃n skuːp ðiːz θĩŋz ɪntə θɹi ɹɛd bæ̟̃ːɡz ə̃ wi wɪl ɡoʊ mit hə wɛ̃nzde æ̆t̪ ðə tɹeĩn steɪʃən]
"
english60.mp3,"﻿[pʰliːzkʰɑlˠ stɛlə æsk hɚ ɾə bɹɪ̃ŋ ðiz θɪ̃ŋz wɪθ hɚ fɹʌ̃mː ðə stɔːɹ sɪks spə̆ũnz əf fɹɛʃ snoʊ pʰiːz faːv θɪk slæb̥s ə blu tʃʰiːz ə̃n meɪbi ə snæk fɚ hɚ bɹʌðɚ bɑːb˺ wi ɑlˠso niɾ ə smɑlˠ    pʰlæstɪk sneɪk ə̃n ə bɪɡ˺ tʰɔɪ fɹɒɡ fə ðə kʰɪd̥s ʃi kə̃n skə̆up ðiz θɪ̃ŋz ɪ̃ndə θɹi ɹɛd˺ bæɡz ə̃n wĭ wɪlˠ ɡo mɪt hɚ wɪ̃nzdeɪ æt̪˺ ðə tʃʰɹeɪ̃n steɪʃə̃n]
"
english61.mp3,"﻿[pʰliz̥kʰɑlˠ stɛlə æsk ɚ ɾə bɹɪ̃ŋ d̪is θɪ̃ŋz wɪð hɚ fɹə̃m ðə stɔɚ sɪks spũnz əf fɹɛʃ s̠noʊ pʰiːz faɪv θɪk slæbz ə blu tʃʰiːz æ̃n meɪbi ə snæk fɔɹ hɚ bɹʌðɚ bab̥ wi ɑlˠso niɾ̆ ə smɑlˠ pʰlæsɪk sneɪk æ̃n ə bɪɡ˺ tʰoɪ fɹɑɡ fə̆ ðə kʰɪdz ʃi kə̃ skup˺ ðiz̥ θɪ̃ŋz ɪ̃ntə θɹi ɹɛd˺ bæɡz æ̃n wĭ wɪlˠ ɡo mɪt hɚ wɛ̃nzeɪ æt ðə tʃɹeɪ̃n steɪʃə̃n]
"
english62.mp3,"﻿[pʰliz̥kʰɑlˠ stɛlə æsk hɚ ɾə bɹɪ̃ŋ n̪iz θɪ̃ŋz wɪθ hɚ fɹʌ̃m n̪ə stɔɹ sɪks spũnz əf fɹɛʃ snoʊ pʰiːz faɪv θɪk slæbz əv̆ blu tʃʰiːz ɛ̞̃n meɪbi ə snæk fɚ hɚ bɹʌðɚ bɑːb˺ wi ɑlˠsŏ niːɾ ə smɑlˠ pʰlæstɪk sneɪk ɛ̞n ə bɪɡ˺ tʰɔɪ fɹɑːɡ fɚ ðə kɪːdz ʃi kə̃n skup ðis θɪ̃ŋz ɪ̃ntu θɹi ɹɛd˺ bæːɡz ɛ̞̃nd wi wɪlˠ ɡoʊ mit hɚ wɛ̃nzdeɪ æt˺ ðə tɹeɪ̃n steɪʃə̃n]
"
english63.mp3,"﻿[pʰliskʰɑlˠ stɛlə æsk ɚ ɾŭ bɹɪ̃ŋ ðis θɪ̃ŋz wɪð ɚ fɹə̃m n̪ə stɔɚ sɪks spũnz əf fɹɛʃ snoʊ pʰiːz fɑɪf θɪk slæbz əb˺ blu tʃʰiːz ə̃n meɪbi ə snæk fɚ hɚ bɹʌðɚ bɑːb˺ wi ɑlˠsŏ niɾ ə smɑːlˠ pʰlæstɪk sneɪk æ̃n ə bɪɡ˺ tʰɔɪ fɹɑɡ fə̆ ðə kʰɪd̥s ʃi kə̃n skup˺ ðis θɪ̃ŋz ɪ̃ntə θɹi ɹɛd˺ bæɡz æ̃n wi wɪlˠ ɡoʊ miɾ ɚ wɛ̃nzdeɪ ət̪˺ ðə tʃʰɹeɪ̃n steɪʃn̩]
"
english64.mp3,"﻿[pʰlizkʰɑl stɛlə æsk hɚ ɾə bɹɪ̃ŋ ðiz θɪ̃ŋz wɪθ hɚ fɹʌ̃m n̪ə stɔɹ sɪks spũnz əv̥ fɹɛʃ snoʊ pʰiːz faɪv θɪk slæbz əv blu tʃʰiz æ̃n meɪ̆bi ə snæk fɚ hɚ bɹʌðɚ bɑːb wi ɑlˠso niɾ ə smɑlˠ pʰlæstɪk sneɪk æ̃n ə bɪɡ˺ tʰɔɪ fɹɒɡ fɚ ðə kʰɪd̥s ʃi kə̃n skup ðiz θɪ̃ŋz ɪ̃ntə θɹi ɹɛd˺ bæɡz æ̆̃n wi wɪlˠ ɡo mit hɚ wɛ̃nzdeɪ æt˺ ðə tʃʰɹeɪ̃n steɪʃə̃n]

"
english65.mp3,"﻿[pʰl̥iskʰalˠ stɛlə æsk ɚ ɾə bɹɪ̃ŋ n̪iz sθɪ̃ŋz wɪθ ɚ fr̩m n̪ə stɔɚ sɪks spũnz əv fɹɛʃ snoʊ pʰiz faɪ̆v θɪk slæbz əv̆ blu tʃʰiz n̩ meɪbi ə snæk fɚ hɚ bɹʌðɚ bɔːb wi ɑlˠsoʊ niɾ ə smɔlˠ pʰlæstɪk sneɪk ə̃n ə bɪɡ˺ tʰɔɪ fɹɑɡ fɚ̆ ðə kʰɪdz ʃi kə̃n skup ðiz θɪ̃ŋz ɪ̃ntə θɹi ɹɛd˺ bæɡz ə̃n wi wɪlˠ ɡoʊ mit hɚ wɛ̝̃nzdi æt̪ d̪ə tʰɹeɪ̃n steɪʃə̃n]

"
english66.mp3,"﻿[pʰlizkʰɔlˠ stɛlə æsk hɚ ɾə bɹɪ̃ŋ n̪iz θɪ̃ŋz wɪθ hɚ fɹʌ̃m n̪ə stɔːɹ sɪks spũnz əf fɹɛʃ̟ snoʊ pʰiːz fɑɪv θɪk slæbz əv blu tʃʰiz ə̃n meɪbi ə snæk fɚ hɚ bɹʌðɚ baːb wi ɑlˠso niɾ ə smɔlˠ pʰlæsɪk̬ sneɪk̬ ə̃n ə bɪɡ˺ tʰɔɪ fɹɔɡ fə̆ ðə kʰɪd̥s ʃi kn̩ skup ðiz θɪ̃ŋz ɪ̃nə θɹi ɹɛd bæɡz ə̃ wĭɪ̃lˠ ɡoʊ̃ mi hɚ wɛ̃nzdeɪ æt̪ ðə tʰɹeɪ̃n steɪʃən]

"
english67.mp3,"﻿[pʰlizkʰɑlˠ stɪlə æsk hɚ tə bɹɪ̃ŋ n̪iz̥ θɪ̃ŋks wɪθ hɚ fɹə̃m n̪ə stɔɹ sɪks spũːnz əv fɹɛʃ̟ s̠noʊ piːz faɪv̆ θɪk slæbz əv̆ blu tʃiːz ə̃m meɪbi ə snæk fɚ hɚ bɹʌðɚ bab̥ wi ɑlˠso niːd ə smɑlˠ pʰlæstɪk sneɪk ə̃n ə bɪɡ˺ tʰɔɪ fɹɑːɡ fɚ ðə kɪdz ʃi kə̃n skup ðiz θɪ̃ŋz ɪ̃nɾə t̪ɹi ɹɛd bæɡz ə̃n wi wɪlˠ ɡoʊ mit hɚ wɛ̃nzdeɪ æt d̪ə tʰɹeɪ̃n steɪʃə̃n]
"
english68.mp3,"﻿[pʰlizkʰɔlˠ stɛlɚ æsk ɚ ɾə bɹɪ̃ŋ n̪iz s̪ɪ̃ŋz wɪθ ɚ fɹə̃m n̪ə stɔɹ sɪks spũnz ə fɹɛʃ snoʊ piz̥ fɑɪf θɪk slæbz ə blu tʃʰiz ə̃ meɪbi ə snæk˺ fə hɚ bɹʌðɚ bɑːb wi ɔlˠsə̆ nid eɪ smɔlˠ pʰlæsɪk sneɪk ə̃n ə bɪɡ˺ tʰɔɪ fɹɑɡ fə̆ ðə kɪdz ʃi k̬ə̃n skup ðiz s̪ɪ̃ŋz ɪ̃ntə θɹi ɹɛd˺ bæɡz ə̃ wi wɪlˠ ɡoʊ mit hɚ wɛ̃nzdeɪ æt̪˺ ðə tʃʰɹeɪ̃n steɪʃn̩]
"
english69.mp3,"﻿[pʰlizkʰɒlˠ stɛlə ask ɜ ɾə bɹɪ̃ŋ n̪iz̥ s̪ɪ̃ŋz wɪθ hɜ fɹʌ̃m ðə stɔə sɪks spũ̟ːnz əf fɹɛʃ ʃ̟nəʊ pʰiz fɑɪ̆f θik slæbz əv blu tʃʰiz ə̃ mɜɪ̆bi ə snæk fə hɜ bɹʌðə bɔb wi ɔ̝lˠso nid ə smɔ̝lˠ pʰlæstɪk snɜɪk ə̃n ə biɡ̥ tʰɔɪ fɹɔɡ fə ðə kʰidz ʃi kə̃n sku̟p d̪iz θ̃ɪŋz ɪ̃ntə θɹi ɹɛd bæɡ̥s ə̃ wĭ wɪl ɡoʊ miɾ̆ ɜ wɛ̃nzdeɪ æt˺ ðə tʃʰɹɜɪ̃n stɜɪʃə̃n]
"
english7.mp3,"﻿

[pʰl̥iːz̥kʰăɔl stɛ̝lɛ æsk hɚ ɾə bɹĩŋ ðiːz̥ θĩŋz wɪð ɚ fɹəm ðə stɔːɹ sɪks spũːnz əf fɹɛ̝ʃ sno pʰə̆iz faːf θɪk˺ slæbz ə blu ʧə̆iz æ̆n meɪbiː ə snæk fɚ hɚ bɹʌðɚ baːb wi ɔlso nə̆id ʌ̆ smɑl pʰl̥æstɪk sneɪk æ̆n ə bɪɡ tʰɔɪ fɹaɡ fɚ ðə kʰɪə̆dz ʃiː kɛ̝̃n skuːp ðiːz θə̆ĩŋz ɪntə θɹi pʰl̥æstɪk bæɡz æ̆n wʊl ɡo miːt hɚ wɛ̃nzdeɪ æt ðə tɹeɪ̃n steʃɪn]
"
english70.mp3,"﻿[pʰliːzkʰɑːlˠ stɛlə æsk ɚ ɾə bɹɪ̞̃ŋ n̪ĩz̪ s̪ɪ̞̃ŋz wɪθ ɚ fɹʌ̃m n̪ə stɔːɹ sɪks spũnz̆ ə fɹɛʃ ʃ̟nõ pʰəiz faːv ðɪk slæbz ə blu tʃʰiz ə̃n meɪbi ə snæk fə hɚ bɹʌðɚ bɑb wi ɑlˠso niɾ ə smɑlˠ pl̠æstɪk sneɪk ə̃n ə bɪɡ tʰɔɪ fɹɔɡ fə ðə kʰiɪdz ʃi kɛ̃n skup˺ d̪iz θɪ̃ŋz ɪ̃ntə θɹi ɹɛd bæɡz ə̃n wĭ wɪl ɡo mit˺ hɚ wɪ̃nzdeɪ æt˺ d̪ə tʃʰɹe̞ɪ̃n ste̞ɪʃə̃n]
"
english71.mp3,"﻿[pʰlizkʰɑlˠ stɛlə æsk hɚ ɾə bɹɪ̃ŋ d̪iz θɪ̃ŋz wɪθ hɚ fɹʌ̃m n̪ə stɔɹ sɪks spũnz əv̥ fɹɛʃ snoʊ pʰiːz fɑɪv θɪk sl̥æbz əv̆ blu tʃʰiːz æ̃n meɪbi ə snæk fɔɹ hɚ bɹʌðɚ bɑːb wi ɑlˠso nid ə smɑlˠ pʰlæstɪk sneɪk æ̃n ə bɪɡ̥˺ tʰɔɪ fɹɑːɡ fə ðə kʰɪd̥s ʃi kə̃n skup ðiz θɪ̃ŋz ɪ̃ntə θɹi ɹɛd˺ bæɡz ə̃n wi wɪlˠ ɡoʊ mit hɚ wɛ̃nzdeɪ æt ðə tʃʰɹeɪ̃n steɪʃn̩]
"
english72.mp3,"﻿[pʰlizkʰɑl stɛlə ask ɚ ɾə bɹɪ̃ŋ ðis̪ θɪ̃ŋz wɪθ ɚ fɹə̃m ðə stɔɚ̆ sɪks spũːnz əv̥ fɹɛʃ sno pʰiːz fɑɪv t̪ʰɪk slabz ə blu tʃʰiz ʔɛ̃n meɪbi ə snæ̞k fə̆ ɚ bɹʌðɚ bɑb wi ʌlso niɾ ə smɑ̃ːl pʰlæsɪk sneɪk ɛ̃n ə bɪɡ tʰɔɪ fɹɔɡ fə ðə kʰɪ̝dz ʃi kə̃n skup ðiz θɪ̃ŋz ɪ̃ntu θɹi ɹɛd bæ̞ɡ̥s ɛ̃n wi wɪl ɡo mɪɾ ɚ wɛ̃nzeɪ æt˺ ðəʔ tʰɹeɪ̃n steɪʃə̃n]
"
english73.mp3,"﻿[pʰlɨizkʰolˠ stɛlə ask hɜ tə bɹɪ̃ŋ ðis θɪ̃ŋz wɪθ hɛ fɹə̃m ðə stɔʷ sɪks spũ̘nz əf fɹɛʃ s̠nəʊ pʰiz fɑɪf θɪk slæbz əv bluː tʃɨiz æ̃n mɛ̞ɪbi ə snæk fɜ hɜ bɹʌðɜ bɒb˺ wi ɒlˠsəʊ nid ə smɒlˠ pʰlɛstik snɛɪk ɛ̃nd ə bɪɡ˺ tʰɔɪ fɹɒɡ fə ðə kɪd̥s ʃi kə̃n sku̘p d̪iz θɪ̃ŋz ɪ̃ntə θɹi ɹɛd˺ bæ̝ɡ̥s ə̃n wĭ wɪlˠ ɡəʊ mit hɜ wɛ̃nzdəɪ æ̝t ðə tʰɹɛɪ̃n stɛɪʃn̩]
"
english74.mp3,"﻿[pʰlˠizkʰɑlˠ stɛlˠə æsk ɚ ɾə bɹɪ̃ŋ n̪iz θɪ̃ŋz wɪθ ɚ fɹʌ̃m n̪ə stɔɚ̆ sɪks spũnz əv fɹɛʃ ʃnoʊ pʰiz̥ faɪv θɪk slˠæbz əv blˠu tʃʰiz̥ ɛ̃n mɛbi ə snæk fə ɚ bɹʌðɚ bɑb wi ɑlˠso niɾ ə smɑlˠ pʰlˠæstɪk sneɪk ɛ̃n ə bɪɡ˺ tʰɔɪ fɹɑ̆ɡ fə̆ ðə kʰɪdz ʃi kə̃n skup ðiz s̪ɪ̃ŋz ɪ̃nɾə θɹi ɹɛd bæɡz ɛ̃n wi wɪlˠ ɡoʊ miɾ ɚ wɛ̃nzdeɪ æt˺ ðə tʰɹeɪ̃n steɪʃə̃n]
"
english75.mp3,"﻿[pʰl̥izkʰalˠ stɛlə æsk hɚ tʰu bɹɪ̃ŋ ðiz θɪ̃ŋz wɪθ hɚ fɹə̃m ðə stɔːɹ sɪks spũnz əv fɹɛʃ sno pʰiz faɪv θɪk slæbz əv blu tʃɪːz æ̃nd meɪbi ə snæk fɔɹ hɚ bɹʌðɚ baːb wi ɑlˠso nid ə smalˠ pʰlæstɪk sneɪk ə̃nd ə bɪɡ˺ tʰɔɪ fɹaɡ fə̆ ðə kʰɪd̥s ʃi kə̃n skup d̪iz θɪ̃ŋz ɪ̃ntʰŭ θɹi ɹɛd˺ bæɡz æ̃nd wi wɪlˠ ɡo mit hɚ wɛ̝̃nzdeɪ æt̪ ðə tʰɹeɪ̃n steɪʃn̩]
"
english76.mp3,"﻿[pʰlizkʰɑlˠ stɛlə æsk hə ɾə bɹɪ̃ŋ n̪iz̥ θɪ̃ŋz wɪθ hɚ fɹʌm n̪ə stɔːɹ sɪks spũnz əv̥ fɹɛʃ ʃnoʊ pʰiz faɪv̆ θɪk slæbz əv̆ blu tʃʰiːz æn meɪbi ə snæk fə hɚ bɹʌðə bab wi ɑlˠso niɾ ə smɑlˠ pʰlæstɪk sneɪk ə̃n ə bɪɡ˺ tʰɔɪ fɹaɡ˺ fə ðə kɪdz̥ ʃi kɛ̃d skup d̪iz̥ θɪ̃ŋz ɪntə θɹi ɹɛd bæɡz æ̃n wĭ wɪlˠ ɡoʊ mit˺ hɚ wɛ̃nzdeɪ æt̪ ðə tʰɹeɪ̃n steɪʃə̃n]
"
english77.mp3,"﻿[pʰlɨizkʰɔlˠ stɛlə ɐsk hɜ ɾə bɹɪ̃ŋ n̪ɨiz θɪ̃ŋz wɪθ hɜ fɹʌ̃m n̪ə stɔː sɪ̝ks spʉ̆ũnz əf fɹɛʃ snəʊ pʰɨiz faɪv θɪ̝k slæ̝bz əv blʉ̆u tʃʰɨiz æ̃nd mɛɪbi ə snæ̝k fɜ hɜ bɹʌðə bɒb wɨ̆i ɒlˠso niɾ ə smɒlˠ pʰlɛstɪk snɛɪk ə̃nd ə bɪ̝ɡ tʰɔɪ fɹɒɡ fə̆ ðə kʰɪ̝dz ʃi kə̃n skʉ̆up˺ ðɨ̆iz θɪ̃ŋz ɪ̃nɾə θɹĕi ɹɛd˺ bæ̝ɡz ɛ̃nd wi wɪlˠ ɡəʊ mit hɜ wɛ̃nzdeɪ æt̪˺ ðɜ tʃʰɹɛɪ̃n stɛɪʃn̩]
"
english78.mp3,"﻿[pʰliz̥kʰɑlˠ stɛlə æsk hɚ ɾŭ bɹɪ̃ŋ ðĩz θɪ̃ŋz wɪθ ɚ fɹʌ̃m n̪ə stɔɹ sɪks spũnz əf fɹɛʃ snõʊ pʰiːz faɪv θɪk slæ̞bz əv bluː tʃʰiz ɛ̃n meɪbi ə snɛ̞k fə hɚ bɹʌðɚ bɑb˺ wi alˠso niʔ e smɑlˠ pʰlæstɪk sneɪk ɛ̃n ə bɪɡ˺ tʰɔɪ fɹaɡ fɚ ðə kʰɪd̥s ʃi kɛ̃n skuːp ðiz θɪ̃ŋz ɪ̃ntŭ θri ɹɛd˺ bæɡz ɛ̃nd wi wɪl ɡoʊ miʔ hɚ wɛ̃nzdeɪ æt̪ ðə tʃʰɹeɪ̃n steɪʃə̃n]
"
english79.mp3,"﻿[pʰliːzkʰɑlˠ stɛlʌ æsk̬ ə ɾə bɹɪ̃ŋ n̪iːz θɪ̃ŋz wɪθ ɚ fɹʌ̃m n̪ə stɔə sɪks spʊ̃nz əv f̬ɹɛʃ ʒno piːz f̬aɪv θɪk slɛæbz əv blu̞ tʃiːz ə̃n meɪbi ə znæk fɚ̆ hɚ bɹʌðə bɔɑb wi ɑlˠzo niɾ ə plə̆ smɑ̹lˠ pʰlæstɪk steɪk ə̃n ə bɪɡ˺ tʰɨ̆ tʰɔɪ fɹɔɑɡ fɔ ðə kʰɪədz ʃi kɛ̃n sku̞p ðiz θɪ̃ŋz ɪ̃nə θɹi ɹɛd˺ bæɡz ə̃n wĭ wɪlˠ ɡoʊ mit hɚ wɛ̃nzdeɪ æt̪˺ ðə t̬ɹeɪ̃n steɪʃn̩]
"
english8.mp3,"﻿

[pʰl̥iːz̥kʰɑl stɛ̝la ask hɜ̆ ɾŭ bɹĩŋ ðiːz θɪŋ̃z̥ wɪθ hɜ fɹʌ̃m ðə stoə sɪks spũːnz̥ ʌv̥ fɹɛʃ snɵʊ piːz̥ faɪv̥ θɪk slæbz ə blu ʧiːz æ̆n mebi ə snæk fə hɜ bɹʌðə bab wi ɒlˠsɵʊ̆ nid ə smɒl pʰl̥æstɪk sneɪk ɛn ə bɪɡ˺ tɔɪ fɹɔ̝ɡ fə ðə kʰɪdz̥ ʃi kɛ̆n sku̝p ðiz̥ θɪ̃ ŋz̥ ɪ̃ntʰə θɹi ɹɛd bæɡz̥ æ̆n wi wɪl ɡɵʊ mit hɜ wɛ̃nz̥deɪ æt ðə tɹẽn steʃɪ̃n]
"
english80.mp3,"﻿[pʰlizkʰɔlˠ stɛl̻ə æsk ɚ tu bɹɪ̃ŋ n̪iz θɪ̃ŋz wɪθ hɚ fɹʌ̃m ðə stɔɹ sɪks spʉ̃nz əf fɹeʃ sno pʰiz faɪv θɪk slɐb̥s ə blu tʃʰiz ɐ̃nd meɪbi ə smɒl snæk fɔɹ hɚ bɹʌðɚ bob wi ɒlˠsə nid ə smɒlˠ pʰlɐstɪk sneɪk ə̃n ə bɪkʰ tʰɔɪ fɹoɡ fɚ ðə kɪts ʃĭ kɛ̃n skʉp ðis θɪ̃ŋz ɪ̃ntʉ̆ θɹi ɹɜd˺ bæɡz æ̃n wilˠ ɡo mit hɚ wɛ̃d˺n̩zdeɪ æt̪ ðə tɹeɪ̃n steɪʃn̩]
"
english81.mp3,"﻿[pʰlizkʰalˠ stɛlə æ̝̃sk ɚ ɾə bɹɪ̃ŋ ðiz θɪ̃ŋz wɪθ hɚ fɹə̃m n̪ə stɔɚ sɪks spũnz əv fɹɛʃ ʃnoʊ̆ pʰiːz faɪv θɪk slæ̝̃bz əv blu tʃʰizː ə̃n meɪbi ə snæ̝̃k fɔɹ hɚ bɹʌðɚ baːb̥ wi ʌlˠso nid̥ ə smɑlˠ pʰlæ̝̃stɪk snẽ̝ɪk æ̃n ə bɪɡ˺ tʰɔɪ fɹɑɡ fɔɹ ðə kʰɪd̥s ʃi kə̃n skup ðiz θɪ̃ŋz ɪ̃ntə θɹi ɹɛd˺ bæ̝ɡ̥s æ̃ wi wɪlˠ ɡo mit hɚ wɛ̝̃nzdeɪ æ̃t̪˺ ðə tʃʰɹẽ̝ɪn stẽ̝ɪʃə̃n]
"
english82.mp3,"﻿[pʰliskʰɑlˠ stɛlʌ̃ æ̝sk ɚ ɾə bɹɪ̃ŋ n̪iz s̪ɪ̃ŋz wɪθ hɚ fɹʌ̃m n̪ə stɔɚ sɪks spũːnz əf fɹəʃ ʃnoʊ pʰiz faɪf θɪk slæ̝̃bz̥ ə blu tʃʰiz ə̃n meɪbi ə snæ̝k fə hɚ bɹʌðɚ bãːb wi ɑlˠso niɾ ə smɑlˠ plæstɪk sneɪk ə̃n ə bɪɡ˺ tʰɔɪ fɹɒ̜ɡ˺ fə ðə kɪd̥s ʃĭ kə̃n skup˺ ðiz θɪ̃ŋz ɪ̃nɾə θɹi ɹɛd˺ bɛ̃ːɡz ə̃n wi wɪlˠ ɡo mit hɚ wɛ̃nzdeɪ æ̝t̪˺ d̪ə tʃʰɹeɪ̃n steɪʃn̩]
"
english83.mp3,"﻿[pʰlizkʰɑʊlˠ steːlə æsk ɚ ɾə bɹeɪ̃ŋ ðɨiz θeɪ̃̆ŋz wɪð ɚ fɹʌ̃m ðə stɔwɚ sɪks spʉ̃unz əf fɹɛʃ snɔʊ pʰɨiz faːv θɪk slæbz̥ ə blʉ tʃʰɨiz æ̃ːn meɪbi ə snæk˺ fɚ̆ ɚ bɹɜðɚ bɑːb wi ɑlˠso nid ə smɑʊlˠ pʰlæ̝stɪk˺ sneɪk æ̃n ə bɪɡ˺ tʰɔɪ fɹɒːɡ fɚ ðə kʰĭəd̥s ʃi kɛ̃n skʉup ðis θeɪ̃ŋz ɪ̃nɾə θɹɨi ɹɛd˺ bæ̝ːɡz ə̃n wɪlˠ ɡoʊ miɾ ɚ wĩnzdi ət̪˺ ðə tʃʰɹɛɪ̃n stɛɪʃn̩]
"
english84.mp3,"﻿[pʰlɘɪzkʰɒːlˠ stɛ̝lə ɐsk ə ɾə bɹɪ̃ŋ n̪ɘɪz θɪ̃ŋːz wɪð ɜ̝ fɹʌ̹̃m mə stɔː sɪks spʉũnz əf fɹɛʃ ʃnɵ̃ʊ pʰɘɪz fɑɪv θɪk slæ̝bz ə blʉu tʃʰɘɪz n̩ maɪbi ə snɛk fɚ ɚ bɹɑðə bɒb wi ɒlˠso neɾ ə smɔl pʰlæ̝stɪk snaɪk ə̃n ə bɪɡ˺ tʰoɪ fɹɑɡ˺ fə ðə kʰɪ̝d̥s ʃĭ ʔŋ̩ skʉup˺ ðɘɪz θɪ̃ŋz ɪ̃nɾə θɹɨi ɹɛd˺ bæ̝ɡz n̩ wɘɪ wɪlˠ ɡɵ̃ʊ miɾ ɜ wɪ̃nzdaɪ æ̝t˺ ðə tʃʰɹaɪ̃n staɪʃn̩]
"
english85.mp3,"﻿[pʰlizkʰɑlˠ stɛlɚ ɐsk ɚ ɾə bɹɪ̃ŋ n̪ɨiz θɪ̃ŋz wɪf hɚ fɹʌ̃m n̪ə stɔɚ sɘks spʉ̃nz əf fɹeʃ ʃnõ pʰɨiz faɪ θɪk slɐbz ə blʉ tʃiz ɐ̃ mɛbi ə snæx fɚ hɚ bɹʌðɚ bɒb wĭ ɑlˠso niɾ ə smɑlˠ plɐstɪk snʲẽk ɐ̃n ə bɛɡ˺ tʰɔ̞ɪ fɹɑɡ˺ fə̆ ðə kʰɪɛdz ʃi kə̃n skʉp ðiz s̪ɪ̃ŋz ɪ̃ntʉ̆ θrɨi ɹɛăd˺ bɐɡz ə̃ wĭ wɪlˠ ɡõ mit hɚ wʲɛ̃nzde ɐt̪˺ ðə tʰɹẽn steːʃn̩]
"
english86.mp3,"﻿[pʰlizkʰɑlˠ stɛlə æsk ɚ ɾə bɹɪ̞̃ŋ ðiz θɪ̞̃ŋz wɪθ hɚ fɹʌ̃m n̪ə stoəɹ sɪks spũ̞nz əv fɹɛʃ ʃnoʊ pʰiːz fav̥ θɪk slæːbz ə blu̞ tʃʰiz æ̃n meɪbi ə snæk fə hɚ bɹʌd̪ə bɒːb wi ɑlˠso niɾ ə smɑlˠ pʰlæstɪk sneɪk æ̝̃n ə bɪɡ˺ tʰɔɪ fɹɑɡ fə ðə kĭɪdz ʃi kə̃n sku̞p˺ ðiz θəɪ̞̃ŋz ɛ̃ntə θɹi ɹɛd bæ̝ːɡz æ̃n wi wɪlˠ ɡo mit hɚ wɛ̝̃nzdi̞ ət̪ ðə tɹɛɪ̃n stɛɪʃn̩]
"
english87.mp3,"﻿[pʰlɨizkʰɔlˠ stɛla ɐsk hɜ ɾə bɹɪ̃ŋ n̪ɨis s̪ɪ̃ŋz wɪs̪ hɜ fɹʌ̃m n̪ə stɔː sɪks spʉ̃nz əf fɹɛʃ snɵʊ pʰɨz faɪf θɪk slæ̝bz̪ əv blʉu tʃʰɨiz ə̃n meɪbi ə snɐʔ fə̆ hɜ bɹʌðə bɔb wɨ ɑlˠsɵ nɨid ə smʌlˠ pʰlæstɪk snɛɪk æ̃n ə bɪɡ˺ tʰɔɪ fɹʌɡ fə ðə kʰɪdz ʃi kə̃d skʉup˺ ðəiz θɪ̃ŋz ɪ̃nə θɹɨi ɹɛd˺ bæɡ̥s ə̃ wɨi wɪlˠ ɡəʊ miʔ hɜ wɛ̃n̩zeɪ æ ðə ʃɹɛɪ̃n st̆ɛɪʃn̩]
"
english88.mp3,"﻿[pʰlizkʰɑ̝lˠ stɛlə æsk ɚ ɾə bɹɪ̃ŋ n̪iz θɪ̃ŋz wɪθ ɚ fɹʌ̃m n̩ stɔ̜ɹ sɪks spũnz ə fɹɛʃ ʃnoʊ piz faɪf θɪk slæbz ə blu tʃʰiz ə̃n meɪbi ə snæk fə̆ hɚ bɹʌðə bʌb wi ɑ̝lˠso nid ə smɑ̝lˠ pʰlæstɪk sneɪk ə̃n ə bɪɡ˺ tʰɔɪ fɹɑɡ fə ðə kʰɪdz ʃi kɛ̃n skup ðiz θɪ̃ŋz ɪ̃nɾə θɹi ɹɛd˺ bæɡz æ̃n̆ wi wɪl ɡo miɾ ɚ wɛ̃nzdeɪ æt̪˺ ðə tʃʰɹeɪ̃n steɪʃn̩]
"
english89.mp3,"﻿[pʰlizkʰɑlˠ stɛlə æsk ə ɾə bɹɪ̃ŋ n̪iz θɪ̃ŋz wɪθ ə fɹə̃m n̪ə stɔə sɪks spũnz əv fɹɛʃ ʃnoʊ pʰiz faɪv t̪ɪk slæbz ə blu tʃʰiz ə̃n meɪbi ə snæk fə̆ hə bɹʌðə bɔb wi ɑlˠso nid ə smɑlˠ pʰlæstɪk sneɪk æ̃n ə bɪɡ˺ tʰɔɪ fɹɑɡ fə ðe kʰɪdz ʃi kə̃n skup ðiz θɪ̃ŋz ɪ̃ntə θɹi ɹɛd bæɡz æ̃n wyɪlˠ ɡoʊ mi hɚ wɛ̃nzdeɪ æt̪˺ ðə tʃʰɹeɪ̃n steɪʃən]
"
english9.mp3,"﻿

[pʰl̥iːz̥kʰɑl stɛ̝lʌ æsk hɝ tʰŭ bɹĩŋ ðiz θĩŋz wɪθ hɚ fɹʌm ðə stɔɹ sɪks spũːnz ʌv̥ fɹɛʃ snoʊ pʰiːz faɪv̥ θɪk slæːbz ʌv bluː ʧiːz ænd meɪbi ʌ snæk fɔɹ hɝ bɹʌðɚ  bɑb wi ɑlso niːd ə smɑl pʰl̥æstɪk sneɪk æːnd ə bɪɡ̥ tʰɔɪ fɹɑɡ fɔɹ ðə kɪdz̥ ʃiː kʰɛ̃n skuːp ðiz θɪ̃ŋz ɪnɾə θɹi ɹɛd bæːɡz æ̃n wi wɪl ɡoʊ mit hɝ wɛ̝̃nzdeɪ æt̪˺ ðə tɹeɪ̃n stẽɪʃɪn]
"
english90.mp3,"﻿[pʰlizkʰɑlˠ stɛlɚ æsk ɚ tŭ bɹɪ̃ŋ ðiz θɪ̃ŋz wɪ̞θ hɚ fɹʌ̃m ðə stɔɹ sɪks spũnz ə fɹɛʃ ʃnoʊ pʰiːz faɪf θɪk slɛ̞bz ə blu tʃʰiz æ̃m meɪbi ə snæk fə hɚ bɹʌðɚ bɑp wi ɑlˠso niɾ ə smɑlˠ pʰlæstɪk sneɪk æ̃n ə bɪɡ˺ tʰɔɪ fɹɑɡ fɚ ðə kʰɪdz ʃi kɛ̃n skup˺ ðiz θɪ̃ŋz ɪ̃ntŭ θɹi ɹɛd bæɡz æ̃n wi wɪl ɡoʊ mit hɚ wɛ̃nzdeɪ æt̪ d̪ə̥ tʰɹeɪ̃n steɪʃə̃n]
"
english91.mp3,"﻿[pʰlizkʰɑlˠ stɛlɔ ask hɚ tə bɹɪ̃ŋ n̪is s̪ɪ̃ŋz wɪθ hɚ fɹʌ̃m n̪ə stɔɹ sɪks spũnz̥ əf fɹɛʃ ʃnoʊ piz faɪf θɪk slabz ə blu tʃiz̥ ã mebi ə snak fɔ ɚ bɹʌðə bɔb wi ɑlˠso niɾ ə smɑlˠ pʰlæst̆ɪk sneɪk ãn ə biɡ˺ tʰɔɪ fɹɒɡ fə ðə kʰɪts ʃi kɐ̃n skũmp˺ ðis θɪ̃ŋz ɪ̃ntə θɹi ɹɛd˺ baks ã wĭ ɡo mit hɚ wɛ̃nzdeɪ at̪˺ ðə tʃɹeɪ̃n steɪʃən]
"
english92.mp3,"﻿[pʰlizkʰɑlˠ stɛlə æ̝sk ɚ ɾə bɹɪ̃ŋ ðiz θɪ̃ŋz wɪθ hɚ fɹʌ̃m ðə stɔ̃ɚ sɪks spũnz ə fɹɛʃ ʃnoʊ piz faɪv θɪk slæbz əv blu tʃiz ɛ̃n meɪbi ə snæk fə hɚ bɹʌðɚ bɐb wi alˠso nid ə smɑlˠ pʰlæstɪk sneɪk ə̃n ə bɪɡ˺ tʰɔ̃ɪ fɹɐɡ fə ðə kʰɪdz ʃi kɛ̃n skup˺ ðiz θɪ̃ŋz ɪ̃nɾə θɹi ɹɛd˺ bɛ̃ɡz ɛ̃n wi wɪlˠ ɡoʊ mit˺ hɚ wɛ̃nzdeɪ æt̪˺ ðə tʃʰɹeɪ̃n steɪʃə̃n]
"
english93.mp3,"﻿[pʰlizkʰɑlˠ stɛ̝lə æsk hə tŭ bɹɪ̃ŋ ðiz̥ θɪ̃ŋz wɪθ hɚ fɹʌ̃m ðə stoɚ sɪ̝ks spũnz əf fɹɛʃ ʃnɵʊ pʰiz faɪf θɪk slæ̞bz əv blu tʃʰiz ɛ̃n meɪbi ə snæk fɔ̆ɹ hɚ bɹɜðɚ baːb̥ wi ɑlˠso nid ə smɑlˠ pʰlæstɪk sneɪk æ̃n ə bɪ̝ɡ tʰɔɪ fɹɔɡ fə ðə kʰiɪts ʃi kɛ̃n skup ðiz̪ θɪ̃ŋz ɪ̃ntə θri ɹɛd˺ bæɡ̥s ɛ̃n wi wɪlˠ ɡɵʊ mit hɚ wɪ̃nzdeɪ æt̪˺ ðə tʃɹeɪ̃n steɪʃn̩]
"
english94.mp3,"﻿[pʰlizkʰɑʊlˠ stɛlə æst hɚ tu bɹɪ̞̃ŋ n̪iz̥ θɪ̞̃ŋz wɪθ hɚ fɹʌ̃m n̪ə stɔɹ sɪks spũnz əf fɹɛʃ ʃnoʊ pʰiːz faːv θɪk slæbz əv blu tʃʰiz æ̃n eɪ meɪbi eɪ snæk˺ fɔɹ hɚ bɹʌðɚ baːb wi ɑʊlˠso nid e smɑʊlˠ pʰlæstɪk sneɪk æ̃n e bɪɡ˺ tʰɔɪ fɹɑɡ fɔɹ ðə kʰiɪdz ʃi kɛ̃n skup˺ ðiz θɪ̞̃ŋz ɪ̃ntu θɹi ɹɛd bæɡz æ̃n wi wɪlˠ ɡoʊ mit˺ hɚ wɪ̞̃nzdi æt ðə tʰɹeɪ̃n steɪʃə̃n]
"
english95.mp3,"﻿[pʰliːzkʰɑlˠ stɛlə æsk ɚ tʰu bɹɪ̃ŋ n̪iz θɪ̃ŋz wɪθ hɚ fɹə̃m n̪ə stɔɹ sɪks spũnz əv̥ fɹɛʃ ʃnoʊ pʰiːz faɪf θɪk slæːbz ə blu tʃʰiːz æ̃n meɪbi e snæk˺ fɔɹ hɚ bɹʌðɚ baːb˺ wi ɑlˠso nɪɾ e smɑlˠ pʰlæstɪk sneɪk ɛ̃n e bɪɡ˺ tʰɔɪ fɹɑɡ˺ fɔɹ ðə kʰɪts ʃi kɛ̃n skup ðiz θɪ̃ŋz ɪ̃ntu θɹi ɹɛd˺ bæ̃ks æ̃ wi wɪlˠ ɡoʊ miʔ hɚ wɛ̃nzdeɪ æt̪˺ ðə tʃɹeɪ̃n steɪʃən]

"
english96.mp3,"﻿[pʰliz̥kʰɑːlˠ stɛlə æsk ɚ ɾə bɹɪ̃ŋ n̪iz s̪ɪ̃ŋz wɪθ hɚ fɹə̃m nə stoɚ sɪks spũnz əf fɹɛʃ snoʊ piːz faɪv θɪk slæbz əv blu tʃʰiz ə̃n meɪbi ə snæk fə hɚ bɹʌðɚ baːbə̆ wi wɪlˠ alˠso nid ə smɑlˠ pʰlæstɪk sneɪkʰ ə̃nd ə bɪɡ˺ tʰɔɪ fɹɑɡ fə ðə kʰɪts ʃi kɛ̃n skup ðiz θɪ̃ŋz ɪ̃ntu θɹi ɹɛd bæːɡz ə̃n wɪlˠ ɡoʊ mit hɚ wɛ̃nzdeɪ æt̪˺ ðə tʃʰɹeɪ̃n steɪʃn̩]
"
english97.mp3,"﻿[pʰliːz̥kʰɔl stɛlə̃ æsk əɹ ɾə bɹĩŋ ðiːz θĩŋz̥ wɪθ ɚ fɹə̃m ðə stɔːɹ sɪks spʊ̃ːnz əv fɹɛʃ snoʊ pʰiiːz faiːv θɪk slæːbz əv blu tʃiːz æ̃n meɪbi ə snæk fɚ hɚ bɹʌðɚ bɑːb wi ɔlso niːɾ e smɔl pʰlæstɪk sneɪk æ̃n ə bɪɡ̥ tʰɔɪ fɹɔːɡ fɚ ðə kɪːdz ʃi kə̃n skuːp ðiːz θĩŋz ĩntə θɹi ɹɛd bæːɡz æ̃n wi wɪl ɡoʊ miːt hɚ wɛ̃nzdeɪ æt ðə tɹẽɪn steɪʃə̃n] 
"
english98.mp3,"﻿[pʰliːzkɑl stɛlə æsk həɹ ɾə bɹɪ̃ŋ n̪iːz s̪ɪ̃ŋz wɪθ həɹ fɹʌ̃m nə stɔːɹ sɪks spũːnz əv fɹɛʃ ʃnoʊ piːz faɪv θɪk slæbz əv̆ blu tʃiːz ə̃m meɪbi ə snæk fəɹ həɹ bɹʌðəɹ bɑːb wi ɑlsŏ nid ə smɔl plæstɪk sneɪk ə̃n ə bɪɡ tʰɔɪ fɹɔːɡ fəɹ ðə kʰɪdz ʃi kə̃n skup ðiːz s̪ɪ̃ŋz ɪ̃ntə θɹi ɹɛd bæːɡz ə̃n wi wɪl ɡoʊ miʔ həɹ wɛ̃nzdeɪ ət ðə tɹẽɪn steɪʃə̃n]
"
english99.mp3,"﻿[pʰliːzkʰɔl stɛlə æsk həɹ ɾə bɹɪ̃ŋ ðiːz s̪ɪ̃ŋz wɪθ həɹ fɹʌ̃m n̪ə̆ stɔɹ sɪks spəũnz əv fɹɛʃ ʃnoʊ pʰiːz faɪv θɪk slæːbz əv̆ blu tʃiːz ə̃n meɪbi ə snæk fəɹ həɹ bɹʌðəɹ bɔːb wi ɔlsoʊ niɾ ə smɔl plæstɪk sneɪk ə̃n ə bɪɡ tʰɔɪ fɹɔːɡ fəɹ ðə kɪdz ʃi kə̃n skup ðiːz s̪ɪ̃ŋz ɪ̃ntu θɹiː ɹɛd bæːɡz æ̃n wi wɪl ɡɛʊ mit həɹ nɛks wɛ̃nzdeɪ æt ðə tɹeɪn steɪʃə̃n]      
"
english105.mp3,"﻿[pʰliːzkʰɔl stɛlə æsk həɹ ɾə bɹɪ̃ŋ ðiːz s̪ɪ̃ŋz wɪθ həɹ fɹʌ̃m ðə stɔɹ sɪks spũːnz əv fɹɛʃ snoʊ pʰiːz faɪv θɪk slæbz əv bluː tʃiːz æ̃n meɪbi ə snæk fəɹ həɹ bɹʌðəɹ bɑːbə wiː ɔlso niːɾ ə smɔl plæstɪk sneɪk æ̃n ə bɪɡ tʰɔɪ fɹɔːɡ fə ðə kɪdz ʃiː kə̃n skuːp ðiːz s̪ɪ̃ŋz ɪ̃ntuː θɹiː ɹɛ̝ːd bæːɡz æ̃m wiː wɪl ɡoʊ miːt həɹ wɛ̃nzdeɪ æt ðə tɹẽɪn steɪʃə̃n] 
"
english106.mp3,"﻿[pʰliːzkʰɔl stɛlə æsk həɹ tʰu bɹɪ̃ŋ ðiːz θɪ̃ŋz wɪθ həɹ fɹʌ̃m ðə stɔɹ sɪks spũːnz əv fɹɛʃː snoʊ pʰiːz faɪv θɪk slæːbz əv bluː tʃiːz æ̃nd meɪbi ə snæk fəɹ həɹ bɹʌðəɹ baːb wiː ɔlso niːd ə smɔl plæstɪk sneɪk æ̃nd ə bɪɡ tʰɔɪ fɹaːɡ fə ðə kɪdz ʃiː kə̃n skuːp ðiːz θɪ̃ŋz ɪ̃ntu θɹiː ɹɛd bæːɡz æ̃n wiː wɪl ɡoʊ miːt həɹ wɛ̃nzdeɪ æt ðə tɹẽɪn steɪʃə̃n] 
"
english107.mp3,"﻿[pʰliːzkʰɔl stɛlə æsk həɹ ɾə bɹɪ̃ŋ ðiːz θɪ̃ŋz wɪθ həɹ fɹʌ̃m ðə stɔɹ sɪks spũːnz əv fɹɜʃ snoʊ pʰiːz faɪv θɪk slæbz əv bluː tʃiːz æ̃n meɪbi ə snæk fɔɹ həɹ bɹoləɹ bɑːb wiː ɔlsoʊ niːɾ ə smɔl plæstɪk sneɪk æ̃n ə bɪɡ tʰɔɪ fɹɔːɡ fə ðə kɪdz ʃiː kə̃n skuːp ðiːz θɪ̃ŋz ɪ̃ntu θɹiː ɹɛːd bæːɡz æ̃n wiː wɪl ɡoʊ miːt həɹ wɛ̃nːzdeɪ æt ðə tɹẽɪn steɪʃə̃n] 
"
english108.mp3,"﻿[pʰliːz̥kʰɔl stɛlˠʌː æsk ə ɾə bɹɪ̃ŋ n̪iːz s̪ɪ̃ŋz wɪθ ə fɹʌ̃m ə stɔəɹ sɪks spʉ̃ːnz əf fɹɛʃ ʃnʊː pʰiːz faɪv θɪk slæbz əv bluː tʃiːz æ̃n mɛbi̞ ə snæk fə ɚ bɹovɚ bɑːb wi ɔlsoʊ niːɾ ə bɹɪ̃ŋ æː smɔl plæʃt̬ʰɪk sneɪk æ̃n ə bɛɡ tʰɔɪ fɹɔɡ fə ɾə kɪdz ʃiː kɪ̃n skʉːp d̪iːz s̪ɪ̃ŋz ɪ̃ntə θɹiː wɹɛːd bæːɡz æ̃n wil ɡoʊ miɾ əɹ wɛ̃ːnːz̥deɪ æt d̪ə tɹẽɪn steɪʃə̃n] 
"
english109.mp3,"﻿[pʰliːzkʰɔlˠ stɛlə æsk ə ɾə bɹɪ̃ŋ n̪iːz θɪ̃ŋz wɪθ hœ fɹʌ̃m n̪ə stɔ sɪks spũːnz əv sfɹɛʃ ʃnoʊ pʰiːz faɪv θɪk slæəbz ə bluː tʃiːz æ̃n meɪbi ə snæk fœ hœ bɹʌðə baːb wiː ɔlsoʊ niːɾ ə smɔl plæstɪk sneɪk æ̃n ə bɪɡ tʰɔɪ fɹɔːɡ fəɹ d̪ə kɪdz ʃiː kə̃n skuːp ðiːz θɪ̃ŋz ɪ̃nə θɹiː ɹɛːd bæːɡz æ̃n wiː wɪlˠ ɡoʊ miːt hœ wɛ̃nːzdeɪ æt d̪ə tɹẽɪn steɪʃə̃n] 
"
english110.mp3,"﻿[pʰliːzkʰol stɛlə ask ɜ ɾə bɹĩŋ ðiːz̥ θĩŋz wɪf hɜ fɹʌ̃m n̪ə stɔː sɪks spũːnz əf fɹɛʃ snəʊ pʰiːz̥ fɒɪv θɪk slæbz əv blu tʃiːz æ̃n meɪbi ə snæk fɔ ɚ bɹʌvə bob wi ɔlso niːd ə smolˠ pʰlæstɪk sneɪk æ̃nə bɪk tʰɔɪ fɹɔːɡ fɔ ðə kɪːdz ʃi kə̃n sku̘p ðiːz t̪ĩŋz ĩntə θɹi ɹɛd bæːɡz æ̃n wi wɪl ɡəʊ miʔ hɜ wɛ̃nzdeɪ æt ðə tɹẽɪn steɪʃə̃n] 
"
english111.mp3,"﻿[pʰliːzkʰɔl stɛlə ask ə tu bɹĩŋ ðiːz θĩŋz wɪθ ə fɹɔ̃m ðə stɔː sɪks spũːnz əv fɹɛʃ snoʊ piːz faiv θɪk slæbz̥ əv blu tʃiːz æ̃ meɪbi ə snæk fɔ hə bɹʌðɚ bɔːb wi niːd ə smɔl plæstɪk sneɪk æ̃n ə bɪk̚ tʰɔɪ fɹɔːɡ fə ðə kɪːdz ʃi kə̃n skup ðiːz θĩŋz ĩntu tɹi ɹɛd bæːɡz æ̃n wi wɪl ɡoʊ miːt hə wɛ̃nzdeɪ æt d̪ə tɹe tɹẽɪn steɪʃə̃n] 
"
english112.mp3,"﻿[pʰliːzkʰal stɛlə̃ al hə tu aː æks ə tə bɹĩŋ ðiːz θĩŋz wɪθ həɹ fɹɔ̃m ðə stɔɹ sɪks spũːnz ɔv̥s fɹɛʃ snoʊ pʰəiːz faɪv θɪk slæːbz ɔv blu tʃiːz æ̃n meɪbi ə snæːk fɔ həɹ bɹʌðɚ bɑːb wi ɑlso nid əʔ eː smal pʰlæstɪk sneɪk æ̃nətʰ bɪɡ tʰɔɪ fɹɑːɡ fɔ ðə kʰɪːdz ʃi kæ̃n s̩ skup ðiːz θĩŋz ĩntu θɹi ɹɛd bæːɡz æ̃n wi wɪl ɡɔ miːt hɚ wɛ̃nzdeɪ æt ðə tɹẽɪn steɪʃʌn] 
"
english113.mp3,"﻿[pʰliːzkʰɔːl stɛla ask ɜ tə bɹɪ̃ŋ n̪iːz θɪ̃ŋz wɪθ hɜ fɹɔ̃m n̪ə stɔː sɪks spũnz əf fɹɛʃ ʃnʊ pʰiːs fɒɪ θɪk slaps ɔv bluː tʃiːz̥ æ̃n meɪbɪ ə snak fɜ ɜ bɹʌðə bɔb̥ wɪ ɔlso niːt ə smɔlˠ pʰlastɪk sneɪk ãnt ə bɪɡ̥ tʰɔɪ fɹɔɡ fɔ ðə kɪts ʃi kʰæ̃n skuːp ðiːz̥ s̪ɪ̃ŋz ɪ̃ntə θɹi rɛd baːɡz ãn wi wɪl ɡʊ miːt hɜ wɛ̃nzdeɪ at ðə tɹeĩn steɪʃə̃n] 
"
english114.mp3,"﻿[pʰləizkʰɔːl stɛla æsk həɹ ɾə bɹɪ̃ŋ ðiːz θɪ̃ŋz wɪθ hɜɹ fɹɔ̃m n̪ə stɔːɹ sɪks spũːnz ɔf fɹɛʃ snoʊ pʰiːz faɪv θɪk slæbz əv bluː tʃiːz æ̃m meɪbɪ ə snæk fɔ̆ hɜɹ bɹʌðəɹ bɑːb wɪ ɔlso niːd ə smɔlˠ pʰlæsːɪk sneɪk ɛ̃n ə bɪɡ tʰɔɪ fɹɔːɡ fə ðə kɪts ʃi kʰə̃n skuːp ðɪːz θɪ̃ŋz ɪ̃ntə θɹi ɹɛd bæːɡz ɛ̃n wɪl ɡo miːt ɚ wɪ̃nzdeɪ æt ðə tɹeĩn steɪʃə̃n] 
"
english115.mp3,"﻿[pʰliːzkʰoːlˠ stɛla ask ɜ tə bɹɪ̃ŋ ðiːz θɪ̃ŋz fɹɔ̃m ðə stɔː sɪks spɛ̆ũnz ɔf fɹɛʃ ʃnəʊ pʰiːz fɑ̃ɪv θɪk slæbz ɔv blɛ̆u tʃiːz æ̃n meɪbɪ ə snæ̃k fə hɜ bɹʌðə bɔːb wɪ olso nid ə smoː pʰlɑstɪk sneɪk ɛ̃n ə bɪ̝ɡ tʰɔɪ fɹɔɡ fɔ ðə kɪts ʃi kʰə̃n skɛ̆u̘ʔ ðɪːz θɪ̃ŋz ɪ̃ntu θɹi ɹɛd bæ̃ɡz ɛ̃n wi wɪl ɡoʊ miːt hɜ wẽnzdeɪ æt ðə tɹeĩn steɪʃə̃n]
"
english116.mp3,"﻿[pʰliːzkæʊlˠ stɛlə æsk hɚ ɾə bɹɪ̃ŋ ðiz̥ s̪ɛ̃ŋz wɪθ hɚ fɹɔ̃m ə̆ stɔːɹ sɪks spũːnz əv fɹɛʃ ʃnoʊ pʰiːz faːv θik slæːbz əv bluː tʃiːz ə̃n meɪbe eɪ snæk fɔ˞ hɚ bɹʌðɚ bɑːb wi ɑlˠso nid eɪ smɑlˠ p̩ pʰlæstɪk̚ sneɪːk æ̃n eɪ bɪɡ tʰɔɪ fɹoɡ fɔ˞ ðə kʰiɪdz ʃi kʰə̃n sku̟p ðiz θəɪ̃ŋz ʔɪ̃ntu θɹiː ɹɛ̝d bæɡz æ̃n wi wɪlˠ ɡoʊ məit hɜɹ wɪ̃nzdiː æt ðə tʰɹeɪ̃n steɪʃɪn] 
"
english117.mp3,"﻿[pʰliːz̥kʰɑʊlˠ stɛlə æ̝sk ɚ ɾə bɹɪ̃ŋ ðiz θɪ̃ŋz wɪθ ɚ fɹʌ̃m ðə stɔːɹ sɪks spʊ̃ːnz əv fɹɛʃ ʃnoʊ pʰiːz faɪv θɪk slæbz əv bluː tʰʃiːz ɛ̃nː mebi ə snæ fɔ hɚ bɹʌðɚ bɒːb wi ɑlˠso nəiɾ ə smɑlˠ pʰlæstɪk sneɪk ɛ̃n ə bɪɡ̚ tʰɔɪ fɹɑɡ fɔ ðə kiɪdz ʃi kʰə̃n skup ðiz θɪ̃ŋz ɪ̃ntə θɹi ɹɛ̝d bæɡz ɛ̃n wi wɪlˠ ɡoʊ miɾ hɚ wɪ̃nzdi æt ðə tʰɹeɪ̃n steɪʃə̃n]
"
english118.mp3,"﻿[pʰliːzkʰɑlˠ stɛlə æsk hə ɾə bɹɪ̃ŋ ðiːz θɪ̃ŋz wɪθ hɚ fɹʌ̃m ðə stɔːɹ sɪks spuːnz əv fɹɛʃ ʃnoʊ pʰiːz faɪv θɪk slæːbz əv bluː tʰʃiːz ə̃n meɪbi ə snæk fɔ˞ ɚ bɹʌðɚ bɑːb wi ɑlˠso nid ə smɑlˠ pʰlæstɪk̚ sneɪk ɛ̃n ə bɪɡ tʰɔɪ fɹɑːɡ fɔ ðə kʰɪːdz̥ ʃi kʰən skup ðiz θɪ̃ŋz ɪ̃ntə θɹiː ɹɛd bæɡz̥ ɛ̃n wi wɪlˠ ɡoʊ miːɾ hɚ wɪ̃nzdeɪ ət̪ ðə tʰɹeɪ̃n steɪʃɪ̃n]
"
english119.mp3,"﻿[pʰliːzkʰɑl stɛlə æ̝sk ɛ ɾə bɹɪ̃ŋ n̪ɪːz t̪ɪ̃ŋz wɪθ hɝ fɹɔ̃m ðə stɔɹ sɪks spɛũnz ɔf fɹɛʃ snoʊ pʰiːz̥ faɪv θɪk slæːbz ɔv blu tʃiːz̥ ɛ̃n meɪbi ə snɑk fɔ hɝ bɹʌðə bob wɪ ɔlˠso nid ə smɔlˠ pʰlæstɪk sneɪk ɛ̃n ə bɪɡ̚ tʰɔɪ fɹɔɡ fɔ ðə kʰɪdz ʃi kʰɛ̃n sku̟p ðɪz θɪ̃ŋz ɪ̃ntu θɹi ɹɛd bæ̝ɡz̥ ɛ̃n wi wɪlˠ ɡoʊ mit hɝ wɛ̃nzdeɪ æt ðə tɹeɪ̃n steɪʃə̃n]
"
english120.mp3,"﻿[pʰlizkʰɔlˠ stɛla æsk hɝ tu bɹɪ̃ŋ ðiːz θɪ̃ŋz wɪθ hɚ fɹɔ̃m ðə stɔɹ sɪks spũːnz ɔv fɹɛʃ ʃnoʊ pʰiːz faɪv θɪk slæbz ɔv blu tʃiːz ə̃n meɪbi ə snæk fɔɹ hɝ bɹʌðə˞ bɑːb wi ɔlˠso niːd ə smɔl pʰlastɪk sneɪk æ̃nd ə bɪɡ tʰɔɪ fɹɔɡ fɔ ðə kʰɪdz ʃi kə̃n skup ðɪz θɪ̃ŋz ɪ̃ntu θɹi ɹɛd bæ̝ɡz ɛ̃n wi wɪlˠ ɡoʊ ɾə miɾ hɚ wɛ̃nzdeɪ æt ðə tʰɹeɪ̃n steɪʃə̃n]
"
english121.mp3,"﻿[pʰliːz̥kʰaːl stɛlə æsk ɚ tŭ bɹɪ̃ŋ ðɪːz θɪ̃ŋz wɪθ ɚ fɹɔ̃m ðə stɔɹ sɪks spũːnz əv fɹɛʃ snoʊ pʰiːz faɪv θɪk slæːbz ə blu tʃiːz ɛ̃n meɪbi ə snæk fɔ ɝ bɹʌðə bab wɪ ɔlˠso niɾ ə smɔlˠ pʰlæstɪk sneɪk ɛ̃n ə bɪɡ tʰɔɪ fɹɔɡ fɔ ðə kʰidz ʃi kʰə̃n skup ðɪz θɪ̃ŋz ɪ̃ndə θɹi ɹɛd bæɡz ɛ̃n wi wɪlˠ ɡoʊ miɾ hɝ wɛ̃nzdeɪ æt ðə tɹeɪ̃n steɪʃə̃n]
"
english122.mp3,"﻿[pʰliːzkʰɔlˠ stɛlə ask ɜ tʊ bɹɪ̃ŋ d̪is θɪ̃ŋz wɪθ hə fɹʌ̃m d̪ə stɔː sɪks spuː̃nz ɔv fɹɛʃ snoʊ pʰiːz faɪf θɪk slæbz ɔv bluː tʰʃiːz æ̃n meɪbi ə snæ̝k fɔ hə bɹʌðə bɔb wi ɔːlˠso niːd ə smɔlˠ pʰlæstɪk sneɪk æ̃n ə bɪk̚ tʰɔɪ fɹɔɡ fɔ ðə kɪdz ʃi kɛ̃n skup ðiz θɪ̃ŋz ɪ̃ntʊ θɹiː ɹɛ̝d bæɡz æ̃n wi wɪlˠ goʊ mitˀ hɝ wɛnzdeɪ æt ðə tɹeɪ̃n steɪʃə̃n]
"
english123.mp3,"﻿[pʰliːzkʰɑːlˠ stɛlə æsk hɚ ɾə bɹɪ̃ŋ ðiz̥ sɪ̃ŋz wɪð hɚ fɹə̃m n̪ə stɔɹ sɪks spũːnz ɔv̥ fɹɛʃ snoʊ piːz faɪv θɪk slæːbz ɔv blu tʃiːz ɛ̃n meɪbi ə snæk fɔɹ hɚ bɹʌðɚ bɑːb wɪ ɔlˠso nid ə smɔlˠ pʰlastɪk sneɪk ɛ̃n ə bɪɡ tʰɔɪ fɹɑɡ fə ðə kʰɪdz ʃi kʰə̃n skup ðɪz θɪ̃ŋz ɪ̃ntə θɹi ɹɛd bæɡz ɛ̃n wi wɪlˠ ɡoʊ mit hɚ wɪ̃nzdeɪ æt ðə tɹeɪ̃n steɪʃə̃n]
"
english124.mp3,"﻿[pʰliz̥kʰɔlˠ stɛla æsk ɚ ɾə bɹɪ̃ŋ ðɪːz θɪ̃ŋz wɪθ ɚ fɹɔ̃m ðə stɔɹ sɪks spũːnz ɔf fɹɛʃ ʃnoʊ pʰiːz faɪv θɪk slæːbz ɔv blu tʃiːz ɛ̃n meɪbi ə snæk fɔ hɚ bɹʌðɚ bɑːb wɪ ɔlˠso nid ə smɔlˠ pʰlastɪk sneɪk ɛ̃n ə bɪɡ̚ tʰɔɪ fɹɔɡ fɔ ðə kʰidz ʃi kʰə̃n skup ðɪz θɪ̃ŋz ɪ̃nɾə θɹi ɹɛd bæɡz ɛ̃n wi wɪlˠ ɡoʊ miɾ ɚ wɛ̃nzdeɪ æt ðə tɹeɪ̃n steɪʃə̃n]
"
english125.mp3,"﻿[pʰliz̥kʰɔlˠ stɛla ask ɚ ɾə bɹɪ̃ŋ ðɪz θɪ̃ŋz wɪð ə fɹɔ̃m ðə stɔː sɪks spəũnz ɔf fɹɛʃ ʃnoʊ pʰiːz faɪv θɪk slæːbz ɔv bləu tʃiːz ɛ̃n meɪbi ə snæ̝k fɔ ɚ bɹʌðə bob wɪ ɔlˠso nid ə smɔlˠ pʰlɛstɪk sneɪk ɛ̃n ə bɪɡ̚ tʰɔɪ fɹoɡ fɔ ðə kidz ʃi kɛn skəup ðɪz sɪ̃ŋz ɪ̃ntə θɹi ɹɛd bæɡz ɛ̃n wi wɪlˠ ɡəʊ mit ə wɛ̃nzdeɪ æ̆t̚ ðə tɹeɪ̃n steɪʃə̃n]
"
english126.mp3,"﻿[pʰliːzkʰɑlˠ stɛlə æsk ɚ ɾə bɹɪ̃ŋ n̪iːz θɪ̃ŋz wɪθ hɚ fɹʌ̃m n̪ə stɔːɹ sɪks spũ̟ːnz əv fɹɛʃ ʃnoʊ pʰiːz faɪv θɪk slæːbz əv bluː tʰʃiːz ə̃n meɪbi ə snæk fɚ hɚ bɹʌðɚ baːb̥ wi ɑlˠso nid ə smɑlˠ pʰlæsːɪk̚ sneɪk ɛ̃n ə bɪɡ tʰɔɪ fɹaːɡ̚ fə˞ ðə kʰɪːdz̥ ʃi kən sku̟p ðiz θɪ̃ŋz ɪ̃ndə θɹiː ɹɛd bæːɡz ɛ̃n wi wɪlˠ ɡoʊ miːt hɚ wɛ̃nzdeɪ ɛt ðə tʰɹeɪ̃n steɪʃə̃n]
"
english127.mp3,"﻿[pʰliːzkʰɑlˠ stɛlə æ̝sk ɚ ɾə bɹɪ̃ŋ ðiːz θɪ̃ŋz̥ wɪð ɚ fɹʌ̃m ðə stɔ˞ː sɪks spũːnz əv fɹɛʃ snoʊ pʰiːz faɪv θɪk slæːbz əv blu tʰʃiːz ə̃n meɪbi ə snæ̝k fə˞ hɚ bɹʌðɚ baːbə̆ wi ɑlˠso niɾə smɑlˠ pʰlæstɪk̚ sneɪk ɛ̃n ə bɪɡ tʰɔɪ fɹɑːɡ fə˞ ðə kʰɪːdz ʃi kə̃n skup ðiz θɪ̃ŋz ɪ̃ntə θɹi ɹɛd bæːɡz̥ ɛ̃n wi wɪlˠ ɡoʊ miɾ ɚ wɛ̃nzdeɪ ət̚ ðə tʰɹeɪ̃n steɪʃə̃n] 
"
english128.mp3,"﻿[pʰliːzkʰɑlˠ stɛlə æsk hɚ ɾə bɹɪ̃ŋ n̪iːz θɪ̃ŋz wɪθ hɜ˞ fɹʌ̃m n̪ə stɔ˞ː sɪks spũːnz̥ əf fɹɛʃ snoʊ pʰiːz faɪv θɪk slæːbz əv blu tʰʃiːz ɛ̃n meɪbi ə snæk fɔ˞ ɚ bɹʌðɚ bɑːb̥ wi ɑlˠsoʊ niɾ ə smɑlˠ pʰlæstɪk̚ sneɪk̚ ɛ̃n ə bɪɡ̚ tʰɔɪ fɹɑːɡ̚ fə ðə kʰɪːdz̥ ʃi kʰə̃n skup ðiz θɪ̃ŋz ɪ̃ntə θɹi ɹɛd bæːɡz̥ ɛ̃n wi wɪlˠ ɡoʊ mit hɜ˞ wɛ̃nzdeɪ ət̚ ðə tʰɹeɪ̃n steɪʃə̃n] 
"
english129.mp3,"﻿[pʰliːzkʰɒlˠ stɛ̝la̙ æsk ə ɾə bɹɪ̃ŋ n̪ə̆ɪz̥ θɪ̃ŋz̥ wɪð ə fɹɔ̃m n̪ə stɔː sɪks spũ̟nz əf fɹɛ̝ʃ ʃnəʊ pʰə̆ɪz faːv θɪ̝k slæ̞bz əv blu̟ː tʃə̆ɪz ɛ̃m mɛɪbi ə snæk fə̆ ɚ bɹʌðə bɔb wi ɒlˠso nid ə smɒlˠ pʰlæstɪk snɛɪk ə̃n ə bɪ̝ɡ tʰɔɪ fɹɔɡ fɔ ðə kɪ̝dz̥ ʃi kə̃n sku̟p̚ ðə̆ɪz s̪ɪ̃ŋz ɪ̃ntə θɹi ɹɛd bæ̞ɡz̥ ɛ̃n wəlˠ ɡəʊ mit hɜ wɛ̃nzdi ət ðə tɹɛĩn stɛɪʃə̃n]
"
english130.mp3,"﻿[pʰliːzkʰɒl stɛ̝lə as hə tə bɹɪ̃ŋ ðɪːz θɪ̃ŋz wɪθ hə fɹʌ̃m ðə stɔː sɪks spu̟nz̥ ɔf fɹɛ̝ʃ ʃnoʊ pʰiːz̥ faɪv θɪk slæ̝ːbz ɔv blu tʃiːz ɛ̃n meɪbi ə snɛ̞k fə hɜ bɹʌðə bɔb wi ɔlˠsə nid ə smɔl pʰlæ̝stɪk sneɪk ɛ̃n ə bɪɡ̚ tʰɔɪ fɹɔɡ fɔ ðə kʰɪdz ʃi kɛ̃n sku̟p ðiz θɪ̃ŋz ɪ̃ntu θɹiː ɹɪd̚ bæːɡz̥ ɛ̃n wi wɪlˠ ɡoʊ mit hə wɛ̃nzdeɪ æt ðə tɹeɪ̃n steɪʃə̃n]
"
english131.mp3,"﻿[pʰliz̥kʰalˠ stɛlə æsk hɝ ɾə bɹɪ̃ŋ ðiz θɪ̃ŋz wɪθ hɜ˞ fɹʌ̃m ðə stɔɹ sɪks spũːnz̥ əf fɹɛʃ ʃnoʊ pʰiːz faɪv θɪk slæbz əv blu tʃiːz ə̃n meɪbi ə snæk fə˞ hɝ bɹʌðə˞ baːb wi ɑlˠso niɾ ə smɑlˠ pʰlæstɪk sneɪk ə̃n ə bɪɡ tʰɔɪ fɹaɡ̚ fə ðə kʰɪːdz̥ ʃi kə̃n skup̚ ðiz θɪ̃ŋz ɪ̃nɾə θɹi ɹɛd bæːɡz ə̃n wi wɪlˠ ɡo miɾ hɜ˞ wɛ̃nzdeɪ ət ðə tʰɹeɪ̃n steɪʃə̃n]


"
english132.mp3,"﻿[pʰliːz̥kʰɑːlˠ stɛlʌ æsk hɝ ɾə bɹɪ̃ŋ n̪iz̥ θɪ̃ŋz wɪθ hɜ˞ fɹʌ̃m ðə stɔɹ sɪ̞ks spũnz əf fɹɛʃ snoʊ pʰiːz̥ faɪv θɪk slæbz̥ əv blu tʃiːz̥ ɛ̃n meɪbi ə snæk̚ fə˞ hə˞ bɹʌðə˞ bɑːb̥ wi ɑlˠso niɾ ə smɑlˠ plæstɪk sneɪk ɛ̃n ə bɪ̞ɡ tʰɔɪ fɹaɡ̚ fə ðə kʰɪts ʃi kə̃n skup̚ ðiz̥ θɪ̃ŋz ɪ̃ntə t̪ɹi ɹɛd bɛɡ̥s ɛ̃n wi wɪlˠ ɡo mitˀ hɜ˞ wɛ̃nzdeɪ æt̚ ðə tʰɹeɪ̃n steɪʃə̃n]

"
english133.mp3,"﻿[pʰliz̥kʰɑlˠ stɛlʌ æn æsk ɚ ɾə bɹɪ̃ŋ ðiz̥ θɪ̃ŋz̥ wɪθ hɜ˞ fɹʌ̃m ðə stɔɹ sɪks spũːnz əf fɹɛ̞ʃ snoʊ pʰiːz̥ faɪv θɪk slæbz əv lə̆b̚ blu tʃiːz̥ ɛ̃n meɪbi ə snæk fə˞ hɝ bɹʌðə˞ bab wi wʊ̆ ɑlˠso niɾ ə smɑ̘lˠ plæsɪk sneɪk æ̃n ə bɪɡ̚ tʰɔɪ fɹaɡ̚ fə ðə kʰɪd̥s ʃi kə̃n skup̚ ðiz̥ θɪ̃ŋz ɪ̃nt̪ə θɹiː ɹɛd bæːɡz̥ æ̃n wi wɪlˠ ɡo mit̚ hɜ˞ wɛ̃nzdeɪ æt̚ ðə tʰɹeɪ̃n steɪʃə̃n]

"
english134.mp3,"﻿[pʰliːskʰɒlˠ stɛ̞lə ask ɚ tə bɹɪ̃ŋ n̪iz̥ θɪ̃ŋz wɪθ hɝ fɹʌ̃m n̪ə stɔ˞ sɪks spũ̟ːnz əv fɹɛ̞ʃ s̠nəʊ pʰiːz faɪv θɪk slæ̞b̥s əv̥ blu̟ː tʰʃiːz ãn meɪbi ə snaːk fɚ hɝ bɹʌðə˞ bɒb̥ wi ɑlˠso niːd ə smɑ̹lˠ pʰlastɪk sneːɪk ãnd ə bɪɡ tʰɔɪ fɹɒɡ fə ðə kʰɪ̞dz̥ ʃi kə̃n sku̟p ðiz θɪ̃ŋz ɪ̃ntə θɹi ɹɛ̞d baːɡz ɛ̃n wi wɪlˠ ɡəʊ mit hɚ wɛ̃də̆nzdeɪ ə̆t də tʰɹeɪ̃n steɪʃə̃n]
"
english135.mp3,"﻿[pʰliːz̥kʰaʊ̆lˠ stɛlə æsk ɚ ɾə bɹɪ̃ŋ ðiz θĕ̃ɪŋz wɪθ hɝ fɹʌ̃m n̪ə stɔɹ sɪks spɪ̆ũ̟nz əv fɹɛʃ snoʊ pʰiːz fav θɪk slæbz əb blu̟ː tʃiːz ɛ̃n mɛɪbi ə snæːk fɚ hɚ bɹʌðə˞ bɑʊ̆b̥̚ wi ɑlˠsə niːd ə smɔlˠ pʰlæstɪk sneɪk ɛ̃n ə bɪɡ tʰɔɪ fɹɑɡ fə ðə kʰɪə̆dz̥ ʃi kə̃n skɪ̆u̟p ðiz θɪ̃ŋz ɪ̃nɾə θɹi ɹɛd bæːɡz̥ ɛ̃n wi wɪlˠ ɡoʊ mitˀ hɝ wɪ̃nzdeɪ ɛt ðə tʰɹeɪ̃n steɪʃə̃n]
"
english136.mp3,"﻿[pʰliːz̥kʰɑlˠ stɛlə æsk hɚ ɾə bɹɪ̃ŋ niz θɪ̃ŋz wɪθ hɚ fɹʌ̃m ðə stɔɹ sɪks spũːnz əv fɹɛʃ ʃnoʊ pʰiːz faɪv θɪk slæbz̥ əv bluː tʃiːz ɛ̃n mebi ə snæːk fɚ hɝ bɹʌðə˞ bɑːb wi ɑlˠso niːd ə smɑlˠ pʰlæstɪk sneɪk ɛ̃n ə bɪɡ̥̚ tʰɔɪ fɹɑɡ fə ðə kʰɪdz ʃi kʰə̃n sku̟p ðis θɪ̃ŋz̥ ɪ̃ntə θɹi ɹɛd bæːɡ̥z̥ ɛ̃n wi wɪlˠ ɡoʊ mit hɝ wɛ̃nzdeɪ æt ðə tʰɹeɪ̃n steɪʃə̃n]
"
english137.mp3,"﻿[pʰliːz̥kʰɑlˠ stɛlə æsk hɚ ɾə bɹɪ̃ŋ n̪iz θɪ̃ŋz̥ wɪθ hɚ fɹʌ̃m n̪ə stɔ˞ sɪks spũ̟ːnz əv fɹɛʃ ʃnoʊ pʰiːz̥ faɪv θɪk slæbz əv bluː tʰʃiːz̥ ə̃n meɪbi ə snæk fə˞ ɚ bɹʌðɚ bɑːb wi ɑlˠso nid ə smɑlˠ pʰlæstɪk sneɪk ɛ̃n ə bɪɡ̥̚ tʰɔɪ fɹɑːɡ fə ðə kʰɪːdz ʃi kʰə̃n skup ðiz θɪ̃ŋz ɪ̃ntə θɹiː ɹɛd bæːɡz ɛ̃n wi wɪlˠ ɡoʊ mit hɝ wɛ̃nzdeɪ æt ðə tʰɹeɪ̃n steɪʃə̃n]
"
english138.mp3,"﻿[pʰliːz̥kʰɑlˠ stɛlə æsk hɝ tʊ bɹɪ̃ŋ n̪iz θɪ̃ŋz wɪθ hɝ fɹʌ̃m n̪ə stɔ˞ sɪks spũːnz̥ əv fɹɛʃ ʃnoʊ pʰiːs faɪv θɪk slæːbz əv bluː tʰʃiːz ə̃n meɪbi e snæk fə˞ hɚ bɹʌðɚ bɑːb̥ wi ɑlˠso nid ə smɑlˠ pʰlæstɪk sneɪk ɛ̃n ə bɪɡ̚ tʰɔɪ fɹɑːɡ fɔ˞ ðə kʰɪ̞ːdz̥ ʃi kə̃n skup ðis s̪ɪ̃ŋz ɪ̃ntə θɹiː ɹɛd bæːɡz ɛ̃n wi wɪlˠ ɡoʊ mit hɜ˞ wɛ̃nzdeɪ æt ðə tʰɹeɪ̃n steɪʃə̃n]
"
english139.mp3,"﻿[pʰliːz̥kʰɑlˠ stɛlə æsk ə ɾə bɹɪ̃ŋ niz s̪ɪ̃ŋz̥ wɪθ hə fɹʌ̃m n̪ə stɔə sɪks spũːnz̠ əv fɹɛʃ snoʊ pʰiːz̥ faɪv θɪk slæbz əb bluː tʃiːz ə̃n meɪbi ə snæːk fə hɚ bɹʌðə bɑːb wi ɑlˠsə niːɾ ə smɑlˠ pʰlæsɪk sneɪk ɛ̃n ə bɪɡ̚ tʰɔɪ fɹɑɡ fə ðə kʰɪːdz̥ ʃi kə̃n skup ðiz̥ s̪ɪ̃ŋz̥ ɪ̃nɾə θɹi ɹɛd bæːɡz̥ ɛ̃n wɪlˠ ɡoʊ mitˀ hə wɛ̃nzdeɪ æt ðə tʰɹeɪ̃n steɪʃə̃n]
"
english140.mp3,"﻿[pʰliskʰɑl stɛlə æsk hɝ ɾə bɹɪ̃ŋ ðɪ̞s θɪ̃ŋs wɪθ hɝ fɹʌ̃m ðə stɔɹ sɪks spũːns əf fɹɛʃ s̠noʊ piːz̥ faɪv θɪk slæbz̥ əv bluː tʰʃiːs ɛ̃n meɪbi ə snæːk fɚ hɚ bɹʌðə˞ bɑːb̚ wi ɑlˠso niːd ə smɑlˠ pʰlæstɪk sneɪk ɛ̃nd ə bɪɡ tʰɔɪ fɹɑɡ fə ðə kʰɪːts ʃi kə̃n skup ðɪs θɪ̃ŋs ɪ̃ntu θɹiː ɹɛd bæ̞ːɡ̥s ɛ̃n wi wɪlˠ ɡo mit hɝ wɛ̃nz̥deɪ æt ðə tʰɹeɪ̃n steɪʃə̃n]
"
english141.mp3,"﻿[pʰliz̥kʰʌlˠ stɛlə a̙sk ɜ tʰə bɹɪ̃ŋ n̪iz θɪ̃ŋz wɪð ə fɹə̃m stɔə sɪks spũ̟nz əf fɹɛ̝ʃ ʃnəʊ pʰə̆ɪz̥ faɪ θɪ̝k slæ̞bz əv blu̟ː tʃə̆iːz̥ ɛ̃m mɛɪbi ə snæ̞k fə˞ ə bɹʌðə bob wi ɑ̹lˠsəʊ nid ə smɑlˠ pʰlastɪk snek ə̃n ə bɪ̝ɡ̥ tʰɔɪ fɹɑɡ̥ fə ðə kɪts ɜː ʃi kə̃n sku̟ʔ ðiz θɪ̃ŋz̥ ɪ̃ntə θɹi ɹɪd bæɡ̥s ɛ̃n wəlˠ ɡəʊ miʔ ɜ wɛ̃nzde ət̚ stɛ̝ːʃə̃n]

"
english142.mp3,"﻿[pʰliːz̥kʰɑʊ̆lˠ stɛlə æsk ə˞ ɾə bɹɪ̃ŋ n̪iz θɪ̃ŋz̥ wɪθ hə fɹʌ̃m n̪ə stɔɹ sɪks spũːnz əv fɹɛʃ snoʊ pʰiːz̥ faɪv θɪk slæbz əv blu tʃiːz ə̃ meɪbi ə snæk fə˞ ə bɹʌðə baːb wi ɑlˠsə niɾ ə smɑlˠ pʰlæstɪk sneɪk ə̃n ə bɪɡ̚ tʰɔɪ fɹɑɡ fə ðə kʰɪːdz ʃi k̬ə̃n skup ðis s̪ɪ̃ŋs ɪ̃nɾə θɹi ɹɛd bæːɡz̥ ə̃n wi wɪlˠ ɡoʊ miːɾ ə˞ wɛ̃nzdeɪ æt ðə tʰɹeɪ̃n steɪʃə̃n]
"
english143.mp3,"﻿[pʰliz̥kʰɔlˠ stɛlə æsk hɚ ɾə bɹɪ̃ŋ n̪iːz θɪ̃ŋz wɪθ hɚ fɹʌ̃m n̪ə stɔːɹ sɪks spũːnz əf fɹɛʃ snoʊ pʰiːz faɪv θ̩ θɪk slæːbz əv blu tʰʃiːz ɛ̃n meɪbi ə snæk fɔ˞ hɚ bɹʌðɚ bɑ̘ːb̥ wi ɑlˠso nid ə smɔlˠ pʰlæstɪk sneɪk ɛ̃n ə bɪɡ̚ tʰɔɪ fɹɑːɡ̚ fə ðə kʰɪːdz ʃi kə̃n skup ðiz θɪ̃ŋz ɪ̃ntu θːɹiː ɹɛd bæːɡz ɛ̃n wi wɪlˠ ɡoʊ miːt hɚ wɛ̃nzdeɪ æt ðə tʰɹeɪ̃n steɪʃə̃n]
"
english144.mp3,"﻿[pʰliːz̥kʰal stɛlə æsk hɚ ɾə bɹɪ̃ŋ n̪iːz θĩŋz̥ wɪθ hɚ fɹʌ̃m n̪ə stɔɹ sɪks spũnz əf fɹɛʃ snoʊ pʰiːz̥ faɪv θɪk slæbz̥ əv blu tʃiːz̥ ɛ̃n meɪbi ə snæk fɚ hɚ bɹʌðɚ bɑːb wi ɑlˠso niɾ ə smalˠ pʰlæsɪk sneɪk ɛ̃n ə bɪɡ̚ tʰɔɪ fɹɑɡ fə ðə kʰɪdz̥ ʃi kə̃n skup ðiz̥ θɪ̃ŋs ɪ̃nɾə θɹiː ɹɛd bæːɡz̥ ɛ̞̃n wi wɪl ɡoʊ miɾ ɚ wɛ̃nz̥deɪ æt ðə tʰɹeɪ̃n steɪʃə̃n]
"
english145.mp3,"﻿[pʰliz̥kʰolˠ stɛlə ask ɜ tu bɹɪ̃ŋ n̪is θɪ̃ŋz wɪθ hɜ fɹʌ̃m n̪ə stɔː sɪxs spũ̟nz əf fɹɛʃ ʃnəʊ pʰiːs faɪv θɪ̝k slæbz əv blu̟ː tʃiːz̥ ɛ̃nd̥ mɛɪbi ə snæ̞ːk fɔ hɜ bɹʌðə bop wi wilˠ ɒlˠsəʊ nid ə smolˠ pʰlæ̞stɪk sneɪk ɛ̃nd ə bɪɡ tʰɔɪ fɹoɡ fə ðə kɪ̞ːts ʃi kɛ̃n sku̟p ðiz θɪ̃ŋz ɪ̃ntə θɹiː ɹɛ̝d bæ̞ɡ̥s ɛ̃nd wi wɪlˠ ɡəʊ mit hə wɛ̃nzdeɪ æ̞t ðə tɹeɪ̃n steɪʃə̃n]

"
english146.mp3,"﻿[pʰliz̥kʰɑlˠ stɪlə æsk hɚ ɾə bɹɪ̃ŋ n̪iz̥ θɪ̃ŋz wɪθ hɚ fɹə̃m n̪ə stɔːɹ sɪks spə̆ũːnz̥ əv̥ fɹɛ̝ʃ ʃnoʊ pʰə̆iz̥ faːv θɪk slæːbz əv blə̆u tʃə̆iːz ə̃n mɛɪbe ə snæ̝k fə˞ hɚ bɹʌðɚ bɑːb wi ɑlˠsə niɾ ə smɑlˠ pʰlæstɪk sne̞ːɪk ɛ̃n ə bɪɡ tʰɔɪ fɹɑɡ fɚ ðə kʰɪəd̥s ʃi kʰə̃n sku̟p ðiz̥ θẽːŋz ɪ̃ntə θɹə̆i ɹɛd bæ̝ɡz̥ ɛ̃ wi wɪlˠ ɡoʊ mə̆iʔ hɜɹ wɪ̆ɛ̃nzdeɪ æt̚ ðə tʰɹeɪ̃n steɪʃə̃n]

"
english147.mp3,"﻿[pʰliːz̥kʰɑː stɛlə æsk hɚ ɾə bɹɪ̃ŋ n̪iːz̥ θɪ̃ŋs wɪθ hɚ fɹʌ̃m ðə stɔɹ sɪks spũ̘ːnz əv̥ fɹɛʃ s̠no̘ʊ pʰiːz̥ faɪv θɪk slæːbz əv blu̘ tʃiːz ɛ̃n meɪbi e snæk fɚ hɚ bɹʌðɚ bɑːb wi ɑlˠso nid e smɑlˠ pʰlæstɪk sneɪk ɛ̃nd e bɪɡ tʰɔɪ fɹɑːɡ fə ðɪ kʰɪdz̥ ʃi kʰə̃n sku̘p ðiz θɪ̃ŋz ɪ̃nɾə θɹiː ɹɛd bæːɡz̥ ɛ̃n wi wɪlˠ ɡo mit hɚ wɛ̃nzdeɪ æt ðə tɹeɪ̃n steɪʃə̃n]
"
english148.mp3,"﻿[pʰliːz̥kʰɔːlˠ stɛlə ask hə ɾə bɹɪ̃ŋ n̪iːz̥ θɪ̃ŋz wɪθ hɜ fɹə̃m n̪ə stɔː sɪks spə̆ũːnz əv̥ fɹɛʃ snəʊ pʰə̆iz̥ faɪv θik slæ̝ːbz əv blə̆u tʃiːz ɛ̃m meɪbi ə snɛk fə hɜ bɹʌðə boːb wi ɑlˠso niɾ ə smolˠ pʰlɛstik sne̞ɪk ɛ̃n ə biɡ̥ tʰɔɪ fɹɔɡ fə ðə kʰid̥s ʃi kʰə̃n skə̆up ðiz̥ θɪ̃ŋz ɪ̃ntə θɹi ɹɛd bæːɡz ɛ̃n wi wɪlˠ ɡə̆oʊ mit hɜ wɛ̃nzdeɪ æt ðə tɹe̞ɪ̃n ste̞ɪʃə̃n]
"
english149.mp3,"﻿[pʰliːz̥kɑlˠ stɛlə æks ɚ ɾə bɹɪ̃ŋ n̪iz̥ θɪ̃ŋz wɪtˀ hɚ fɹə̃m ðə stɔɹ sɪks spũːnz əv fɹɛs snoʊ pʰiːz̥ faːv θɪk slæbz əv blu tʃiːz ɛ̃n meɪbi ə snæk fɚ hɚ bɹʌðə bɑːb̥ wi ɑlˠso niɾ ə smɑlˠ pʰlæsːɪk sneɪk ɛ̃n ə bɪɡ̚ tʰɔɪ fɹɑʊ̆ɡ fə ðə kʰɪdz̥ s̠i k̬ə̃n skup d̪iːs θɪ̃ŋz ɪ̃nt̪ə̆ θɹi ɹɛd bæːɡz̥ ɪ̃n wi wɪlˠ ɡoʊ miʔ hɜ˞ wɪ̃nzdeɪ æt ðə tɹeɪ̃n steɪʃə̃n]
"
english150.mp3,"﻿[pʰliːz̥kʰɑlˠ stɛlə æsk hɚ ɾə bɹɪ̃ŋ ðiz̥ θɪ̃ŋz wɪθ ɚ fɹʌ̃m ðə stɔɹ sɪks spũːnz əv fɹɛʃ ʃnoʊ pʰiːz̥ faːv θɪk slæbz əv blu tʃiːz ɛ̃m me̞ɪbi ə snæk fɔ˞ hɚ bɹʌðə˞ bɑːb̥ wi ɑlˠso niɾ ə smɑlˠ pʰlæstɪk sne̞ɪk ɛ̃n ə bɪɡ tʰɔɪ fɹɑːɡ fə ðə kʰɪts ʃi kə̃n sku̘p̚ ðiz̥ θɪ̃ŋz̥ ɪ̃nɾə θɹiː ɹɛd bæːɡz̥ ɛ̃n wɪ wɪlˠ ɡoʊ miʔ hɜ˞ wɪ̃nzdeɪ æt ðə tɹeɪ̃n steɪʃə̃n]
"
english151.mp3,"﻿[pliːskʰɑlˠ stɛlə æsk ɚ ɾə bɹɪ̃ŋ ðiːz̥ θɪ̃ŋz wɪθ hɚ fɹʌ̃m ðə stɔɹ sɪks spũːnz əv fɹɛʃ s̠noʊ pʰiːz̥ faɪv θɪk slæːbz əb blu tʃiːz ə̃m meɪbi ə snæk fɔ̆ hɚ bɹʌðə˞ bɑːb̥ wi ɑlˠso niɾ ə smɑːlˠ pʰlæsːɪk sneɪk ɛ̃n ə bɪɡ tʰɔɪ fɹɑːɡ fɔ ðə kʰɪːdz̥ ʃi kə̃n sxʷup̚ ðiz̥ θɪ̃ŋz̥ ɪ̃nə θɹiː ɹɛd bæːɡz̥ ɛ̃n wɪ wɪlˠ ɔ mit hɚ wɛ̃nz̥eɪ æt ðə tɹeɪ̃n steɪʃə̃n]

"
english152.mp3,"﻿[pʰliːskʰolˠ stɛlə ask ɜ ɾə bɹɪ̃ŋ n̪iz θɪ̃ŋz wɪð ɜ fɹə̃m n̪ə stɔː sɪ̝ks spũ̟ːnz əv̥ fɹɛʃ snəʊ pʰiːz̥ faɪv θɪ̝k slæ̝ːbz̥ əv blu̟ tʰʃiːz ɛ̃m me̞ɪbi ɪ snæ̝k fɜ hɜ̘ bɹʌðə bɑb wi ɒlˠsə niːd ə smɒːlˠ pʰl̠æ̝stɪk sneɪk ɛ̃n ə bɪɡ̚ tʰɔɪ fɹɔːɡ fə ðə kʰɪə̆dz̥ ʃi kʰə̃n sku̟p ðið θɪ̃ŋz̥ ɪ̃ntə θɹiː ɹɛd bæ̝ːɡz̥ ə̃n wɪlˠ ɡəʊ̆ ɪ̃n mit hɜ wɛ̃nzeɪ æt ðə tɹe̞ɪ̃n steɪʃə̃n]
"
english153.mp3,"﻿[pʰli̝ːzkʰolˠ stɛla ask ə ɾə bɹɪ̃ŋ ðiz θɪ̃ŋz̥ wɪθ hɜ fɹʌ̃m ðə stɔː siks spəũːnz̥ əf fɹɛʃ snəʊ pʰiːz̥ fɑɪ̆v θɪk slɛbz̥ əv blə̆ʊ tʰʃə̆iːz̥ æ̞̃n maɪbi ə snɛk fə hɜ bɹʌðə bob wi ɒlˠso niːd ə smɒlˠ pʰlɛstɪk snaɪk æ̞̃n ə biɡ tʰɔɪ fɹɔɡ̚ fɔ ðə kʰiːts ʃi kʰə̃n skə̆up ðiz θɪ̃ŋz̥ ɪ̃ntu θɹiː ɹɪd bæ̝ːɡ̥z̥ ɛ̃n wi wɪlˠ ɡəʊ mit hɜ wɪ̃nzdɛ̞ɪ æ̝t ðə tɹɛ̞ɪ̃n stɛ̞ɪʃə̃n]
"
english154.mp3,"﻿[pʰliːz̥kʰɑʊ̆lˠ stɛlə æsk hɚ ɾə bɹɪ̃ŋ n̪iz θɪ̃ŋz wɪθ hɚ fɹʌ̃m ðə stɔːɹ sɪks spũːnz əv fɹɛʃ ʃnoʊ pʰiːz faɪv̥ s̪ɪk slæːbz əv blu tʰʃiːz ɛ̃n meɪbi ə snæːk fɚ hɝ bɹʌðə˞ baːb wi ɑʊ̆lˠso niɾ ə smɑʊ̆lˠ pʰlæstɪk sneɪk ɛ̃n ə bɪɡ̚ tʰɔɪ fɹaːɡ fə ðə kʰɪːdz ʃi kʰɛ̃n skup ðiz θɪ̃ŋz̥ ɪ̃ntə θɹiː ɹɛd bæːɣz ə̃n wʊ̆ wɪ̆lˠ ɡoʊ mit hɝ wɛ̃nzdeɪ æt ðə tʰɹeɪ̃n steɪʃə̃n]
"
english155.mp3,"﻿[pʰliːzkʰɑlˠ stɛlə æsk hɚ ɾə bɹɪ̃ŋ ðiz θɪ̃ŋz wɪθ hɚ fɹʌ̃m ðə stɔːɹ sɪks spʰũːnz əv fɹɛʃ ʃnoʊ pʰiːz̥ faɪv θɪk sl̥æːbz əv blu tʰʃiːz ə̃n meɪbi ə snæk fɚ hɝ bɹʌðə˞ bɑːb wi ɑlˠso niɾ ə smɑlˠ pʰlæstɪk sneɪk ə̃n ə bɪɡ tʰɔɪ fɹɑɡ fə ðə kʰɪːdz̥ ʃi kə̃n skup ðiz θɪ̃ŋz ɪ̃nɾə θɹiː ɹɛd bæːɡz ɛ̃n wi wɪlˠ ɡoʊ mit hɝ wɛ̃nzdeɪ æt ðə tʰɹeɪ̃n steɪʃə̃n]
"
english156.mp3,"﻿[pʰliːskʰɑlˠ stɛ̙lə ask hɚ tʰə bɹɪ̃ŋ ðiz θɪ̃ŋz wɪθ hɚ fɹə̃m ðə stɔːɹ sɪks spũːnz əv fɹɛʃ snoʊ pʰiːz̥ faɪv θɪk slaːb̥s əv̥ blu tʃiːz̥ ãnt meɪbi ə snak fɔ˞ hɚ bɹʌðə˞ bɑːb̥ wi ɑlˠsə nid ə smɑlˠ pʰlæ̞stɪk snɛɪk ãnt ə bɪɡ̚ tʰɔɪ fɹɑːɡ fɔ ðə kʰɪːd̥s ʃi kʰə̃n skup ðiz θɪ̃ŋz̥ ɪ̃ntu θɹiː ɹɛd baːɡz̥ ɛ̃n wi wɪlˠ ɡoʊ tʰu mit hɚ wɛ̃nzdeɪ ɛt ðə tʰɹeɪ̃n steɪʃə̃n]
"
english157.mp3,"﻿[pʰlizkʰɑlˠ stɛlə æ̝sk hɚ ɾə bɹɪ̃ŋ ðiːz̥ θɛ̃ŋz wɪθ ɚ fɹə̃m ðə stɔːɹ sɪks spũːnz əv fɹɛʃ ʃnoʊ pʰiːz̥ faːv θɪk slæːə̆bz əv bluː tʃiːz̥ ɛ̃n meɪbi ə snæk fɚ hɚ bɹʌðə˞ bɑːb̥ wɪ̆ ɑlˠsə̃ nid ə smɑːlˠ pʰlæstɪk sneɪk ə̃n ə bɪɡ̚ tʰɔɪ fɹɑɡ fə ðə kʰɪːə̆d̥s ʃi kɛ̃n skup ðiːz̥ s̪ɛ̃ŋz ɪ̃nɾə θɹiː ɹɪd bæːɡz̥ ə̃n wi wɪlˠ ɡo miʔ hɚ wɪ̃nzdeɪ ɛt ðə tʰɹe̞ɪ̃n steɪʃə̃n]
"
english158.mp3,"﻿[pʰliːz̥kʰɑːlˠ stɛlə æ̞sk hə tə bɹɪ̃ŋ n̪iːz̥ θɪ̃ŋz̥ wɪθ hɚ fɹʌ̃m n̪ə stɔɹ sɪks spũːnz əv̥ fɹɛ̞ʃ s̠noʊ pʰiːz̥ faɪv̥ θɪk slæ̞ːbz̥ əv blu tʃiːz̥ ɛ̃n meɪbi ə snæk fɚ hɚ bɹʌðɚ bɑːb̥ wi ɑlˠso nid ə smɑlˠ pʰlæstɪk sneɪk ɛ̃n ə bɪɡ̚ tʰɔɪ fɹɑːɡ fə ðə kʰɪ̞dz̥ ʃi kʰə̃n skup ðiz θɪ̃ŋz ɪ̃ntə θɾiː ɹɛd bæːɡz̥ ɛ̃n wi wɪlˠ ɡoʊ mit hɚ wɛ̃nz̥de̞ɪ ət ðə tɹeɪ̃n steɪʃə̃n]
"
english159.mp3,"﻿[pʰliːz̥kʰɑːlˠ stɛlə æsk ɚ ɾə bɹɪ̃ŋ ðiːz̥ θɪ̃ŋs wɪθ hɚ fɹə̃m ðə stɔɹ sɪks spũːnz əv̥ fɹɛ̞ʃ ʃnoʊ pʰiːz̥ faɪv θɪk slæ̞ːbz̥ əv blu tʃiːz̥ ɛ̃n meɪbi ə snæk fɚ hɚ bɹʌðɚ bɒːb̥ wi ɑlˠsə niɾ ə smɑlˠ pl̠æstɪk sneɪk æ̝̃nd ə bɪɡ̚ tʰɔɪ fɹɑːɡ fə ðə kʰɪːd̥s ʃi kə̃n skup̚ ðiz θɪ̃ŋz ɪ̃ntə θɹiː ɹɛd bæ̝ːɡz̥ æ̝̃n wi wɪlˠ ɡoʊ mit hɜ˞ wɛ̃nz̥deɪ ət ðə tɹeɪ̃n steɪʃə̃n]

"
english160.mp3,"﻿[pʰliːz̥kʰalˠ stɛlə æsk hə ɾə bɹɪ̃ŋ n̪iːz̥ θɪ̃ŋz̥ wɪθ hɜ˞ fɹʌ̃m ðə stɔ̆ɹ sɪks spũːnz əv̥ fɹɛʃ snoʊ pʰiːz̥ faɪv̥ θɪk slæːbz̥ əv blu tʃiːz̥ ɛ̃n meɪbi ə snæk fɚ hɚ bɹʌðɚ baːb̥ wi ɑlˠso nid ə smalˠ plæ̝stɪk sneɪk ə̃n ə bɪɡ̚ tʰɔɪ fɹaɡ fə ðə kʰɪd̥s ʃi kə̃n skup̚ ðiz s̪ɪ̃ŋz ɪ̃ntə θɹiː ɹɛd bɛɪ̆ɡz̥ ə̃n wi wɪlˠ ɡo mit hɜ˞ wɛ̃nz̥deɪ ət ðə tɹeɪ̃n steɪʃə̃n]

"
english161.mp3,"﻿[pʰliːz̥kʰɑːlˠ stɛlə æ̞sk hɚ ɾə bɹɪ̃ŋ n̪iz̥ s̪ɪ̃ŋs wɪθ hɜ˞ fɹə̃m n̪ə stɔɹ sɪks spũːnz əv̥ fɹɛ̝ʃ ʃnoʊ pʰiːs faɪ s̩ θɪk slæːbz̥ əv bluː tʃiːz̥ ɛ̃n meɪbi ə snæk fɚ hɚ bɹʌðɚ baːb̥ wi ɑlˠso niɾ ə smɑlˠ pʰlæstɪk sneɪk ə̃n ə bɪɡ̥̚ tʰɔɪ fɹɑɡ fə ðə kʰĭɪd̥s ʃi kə̃n skʊp̚ ðiz θɪ̃ŋz ɪ̃ntə θɹiː ɹɛd bæːɡz̥ ə̃n wi wɪlˠ ɡoʊ mit hɜ˞ wɛ̃nz̥di ət d̪ə tɹeɪ̃n steɪʃə̃n]
"
english163.mp3,"﻿[pʰliːzkʰɑːlˠ stɛlə æsk hɚ ɾə bɹɪ̃ŋ ðiz θɪ̃ŋz wɪθ hɚ fɹʌ̃m ðə stɔɹ sɪks spũːnz əf fɹɛʃ snoʊ pʰiːz̥ faɪv θɪk slæːbz əv blu tʃiːz̥ ɛ̃n meɪbi ə snæk fɚ hɝ bɹʌðə˞ baːb wi ɑlˠso nid̚ ə smɑlˠ pʰlæstɪk sneɪk ɛ̃n ə bɪɡ̚ tʰɔɪ fɹɔɡ fə ðə kʰɪːdz̥ ʃi kʰə̃n skup ðiz θɪ̃ŋz̥ ɪ̃nɾə θɹiː ɹɛd bæːɡz̥ ɛ̃n wi wɪlˠ ɡoʊ mit hɝ wɪ̃nzdeɪ æt ðə tʰɹeɪ̃n steɪʃə̃n]
"
english162.mp3,"﻿[pʰliːz̥kʰɑlˠ stɛlə æsk hɚ ɾə bɹɪ̃ŋ ðiz̥ s̪ɪ̃ŋz̥ wɪθ hɚ fɹə̃m ðə stɔɹ sɪks spũːnz əf fɹɛʃ ʃnoʊ pʰiːz̥ faɪv̥ θɪk slæbz̥ əv blu̟ tʃiːz̥ ə̃n meɪbi ə snæk fɚ hɚ bɹʌðə˞ bɑːb wi ɑlˠso nid ə smɑlˠ pʰlæstɪk sneɪk ə̃n ə bɪɡ̥ tʰɔɪ fɹɑɡ̥ fɔ˞ ðə kʰɪːdz̥ ʃi kʰə̃n sku̟p ðis θɪ̃ŋz̥ ɪ̃ntə θɹiː ɹɛd bæːɡz̥ ɛ̃n wi wɪlˠ ɡoʊ mit hɝ wɛ̃nzdeɪ æt d̪ə tɹeɪ̃n steɪʃə̃n]
"
english164.mp3,"﻿[ɜpʰliːz̥ kʰoːlˠ stɛlə ask xɜ tʰʊ bɹɪ̃ŋ ðiː ðiz̥ θɪ̃ŋz̥ wɪθ hɜ fɹʌ̃m ðə stɔː sɪks spũ̟ːns əv fɹɛʃ ʃnəʊ pə̆iːz̥ faɪv̥ θɪ̝k s̩ s̩ slabz̥ əv blə̆uː tʃə̆iːz̥ ãn meɪbi ə snæk fə hɜ bɹʊðə bob̥ wi ɒlˠso nid ə smolˠ pʰl̠astɪk sneɪk ãnd ə bɪɡ̥̚ tʰɔɪ fːɹoɡ fɔ ðə tʃ̩ fɔ ðə kɪ̞ːdz̥ ʃi kʰãn sku̟p ðɪːs θɪ̃ŋz̥ ɪ̃nt̪ə θɹiː ɹɛ̝d bæ̝ːɡz̥ ɛ̃ ãn wi wɪlˠ ɡəʊ mə̆it hə wɛ̃nzdeɪ æ̞t ðə tʰɹeɪ̃n steɪʃə̃n]
"
english165.mp3,"﻿[pʰliz̥kʰɑlˠ stɛlə æ̝sk hɚ ɾə bɹɪ̃ŋ ðiːz̥ θɪ̃ŋz̥ wɪθ hɚ fɹʌ̃m ðə stɔɹ sɪks spʊ̃ːnz əv̥ fɹɛʃ s̠noʊ pʰiːz̥ faɪv̥ θɪk slæ̝ːbz̥ ə blu tʃiːz̥ ɛ̃n meɪbi ə snæ̝k fɚ hɚ bɹʌðə˞ baːb̥ wi ɑlˠso nid ə smɑlˠ pʰlæ̝stɪk sneɪk ɛ̃n ə bɪɡ tʰɔɪ fɹɑːɡ̥ fə ðə kʰɪts ʃi kʰə̃n skup ðiz̥ θɪ̃ŋz̥ ɪ̃ntə θɹi ɹɛd bæ̝ːɡ̥z̥ ə̃n wi wɪlˠ ɡo mit hɚ wɛ̃nzdeɪ ɛt ðə tʰɹeɪ̃n steɪʃə̃n]
"
english166.mp3,"﻿[pʰlˠizkɑlˠ stɛlə æsk ə ɾə bɹɪ̃ŋ n̪iːz θɪ̃ːŋz wɪθ hɝ fɹə̃m ðə stɔɹ sɪks spũːnz əv fɹɛʃ snoʊ pʰiːz̥ faɪv θɪk slˠæːbz əv bl̠u tʃiːz̥ ɛ̃n meɪbi ə snæk fɜ˞ hɝ bɹʌðə˞ baːb̥ wi ɑlˠso nid ə smɑlˠ pʰlˠæstɪk sneɪk ɛ̃nd ə bɪɡ tʰɔ̝ɪ fɹɑːɡ̥ fə ðə kʰɪd̥s ʃi kʰə̃n sku̟p ðiz̥ θɪ̃ŋz ɪ̃nɾə θɹiː ɹɛd bæːɡ̥z̥ ɛ̃n wi wɪlˠ ɡoʊ mit hɝ wɛ̃nzdeɪ ɛt ðə tʰɹeɪ̃n steɪʃə̃n]
"
english167.mp3,"﻿[pʰliz̥kʰɑlˠ s̠tɛlə æsk hɚ ɾə bɹɪ̃ŋ n̪iz θɪ̃ŋz wɪð ɚ fɹə̃m n̪ə stɔɹ s̠ɪks spũːnz̠ əv fɹɛʃ s̠noʊ pʰiːs faɪv θɪk slæːbz əv blu tʃiːz̥ æ̃n meɪbi ə s̠næːk fɚ hɚ bɹʌðə˞ baːb wi ɑlˠs̠o niɾ ə s̠mɑlˠ pʰlæs̠ɪk s̠neɪk ɛ̃n ə bɪɡ tʰɔ̝ɪ fɹɑɡ fɚ ðə kʰɪəd̥s̠ ʃi kə̃n s̠kup ðiz sɪ̃ŋz ɪ̃nɾə θɹiː ɹɛd bæːɡ̥s̠ ɛ̃n wi wɪlˠ ɡoʊ miɾ ɚ wɛ̃nz̥deɪ ɛt ðə tʰɹeɪ̃n s̠teɪʃə̃n]

"
english168.mp3,"﻿[pʰliːz̥kʰɑlˠ stɛlʌ æ̝sk hɚ tʰə bɹɪ̃ŋ ðiːs θɪ̃ŋz wɪθ ɜ˞ fɹə̃m ðə stɔɹ sɪks spũːnz əf fɹɛʃ ʃnoʊ pʰiːz̥ faɪv θɪk slæːbz̥ əv bluː tʃiːz̥ ɛ̃n meɪbi ə snæ̝k fɚ hɚ bɹʌðɚ bɑːb̥ wi ɑlˠso niɾ ə smɔlˠ pʰlæ̝stɪk sneɪk ɛ̃n ə bɪɡ̚ tʰɔɪ fɹɑːɡ̚ fə ðə kɪːdz̥ ʃiː kə̃n skup ðiːs θɪ̃ŋz̥ ɪ̃nɾə θɹiː ɹɛd bæːɡz̥ ɛ̃nd wi wɪl ɡoʊ miɾ ɜ˞ wɛ̃nzdeɪ æt ðə tʰɹẽɪn steɪʃə̃n]
"
english169.mp3,"﻿[pʰliːz̥kʰɔlˠ stɪlə æsk hɚ tə bɹɪ̃ŋ n̪iz̥ θɪ̃ŋz̥ wɪθ hɚ fɹə̃m n̪ə stɔɹ sɪks sɸũːnz əf fɹɛʃ ʃnoʊ pʰiːz faɪv θɪk slæːbz ə bluː tʃiːz ɛ̃n meɪbi ə snæ̝k fɚ hɚ bɹʌðə bɑːb wi ɑlˠso nid ə smɔːlˠ pʰlæstɪk sneɪk ɛ̃nd ə bɪɡ tʰɔɪ fɹɑːɡ fə ðə kɪːdz ʃi kə̃n skup ðis s̪ɪ̃ŋz̥ ɪ̃ntu θɹʷiː ɹʷɛd bæːɡz̥ ɛ̃n wi wɪl ɡŏ mit hɜ˞ wɪ̃nzdeɪ æt ðə tʰɹẽɪn steɪʃə̃n]
"
english170.mp3,"﻿[pʰliːz̥kʰaʊlˠ stɛ̝ːlə æsk ɚ ɾə bɹɪ̃ŋ n̪iːz̥ θɪ̃ŋz wɪð ɚ fɹʌ̃m n̪ə̆ stoəɹ sɪks spə̆ʊ̃ːnz əv̥ fɹɛ̝ʃ ʃnəʊ pʰə̆iːz̥ faːv̥ θɪk slæ̞ːbz əv blə̆u tʃiːz ɛ̃n mɛɪbi ə snæːk fɚ hɝ bɹʌðə˞ baːb wi ɑʊ̆lˠso nə̆id ə smɑʊ̆lˠ pʰlæstɪk snɛɪk ə̃n ə bɪɡ tʰɔɪ fɹaːɡ fə ðə kʰiədz̥ ʃi kʰɛ̃n skəʊp ðəɪz̥ θəɪ̃ŋz ɪ̃nɾə θɹiː ɹɛ̝d̚ bæːɡz̥ ɛ̃n wɪ wɪlˠ ɡəʊ mə̆it hɝ wiɛ̃nzdi æ̞t ðə tʰɹɛɪ̃n stɛɪʃn̩]
"
english171.mp3,"﻿[pʰliːz̥kʰɑlˠ stɜlə æsk ɚ ɾə bɹɪ̃ŋ niz θɪ̃ŋz wɪθ hɚ fɹə̃m n̪ə stɔɹ sɪks spũːnz əv fɹɛʃ ʃnoʊ pʰiːz̥ faɪv θɪk slæbz əβ blu tʃiːz̥ ɛ̃n meɪbi ə snæk fɚ hɚ βɹʌðə˞ baːb wi ɔlˠsə niːd ə smɑlˠ pʰlæsɪk sneɪk ɛ̃n ə bɪɡ tʰɔɪ fɹɑːɡ fə ðə kʰɪːd̥s ʃi kə̃n sku̟p ðis θɪ̃ŋs ɪ̃nɾə θɹi ɹɛd bæːɡz ɛ̃n wi wɪlˠ ɡoʊ mit hɝ wɛ̃nzdeɪ æt̚ ðə tɹeɪ̃n steɪʃə̃n]
"
english172.mp3,"﻿[pliːzkɑl stɛlə ask hɚ tə bɹɪ̃ŋ ðɪz θɪ̃ŋz wɪθ hɝ fɹʌ̃m ðə stɔɹ sɪks spũːnz əv̥ fɹ̥ɛʃ snoʊ piːz̥ faɪv θɪk slæ̞ːbz əv blu tʃiːz̥ ɛ̃n meɪbɪ ə snak fə hɝ bɹʌðə˞ bob̥ wi ɔls̪o nid ə smɔl pʰlæ̞stɪk sneɪk ɛ̃n ə bɪɡ tʰɔɪ fɹɔːɡ fə ðə kʰɪːd̥s ʃi kə̃n skup ðiz s̪ɪ̃ŋz̥ ɪ̃ntu θɹi ɹɛ̞d bæ̞ːɡ̥z̥ ɛ̃n wi wɪl ɡoʊ mit hɝ wɛ̃nzdeɪ æ̞t ðə tɹeɪ̃n steɪʃə̃n]
"
english173.mp3,"﻿[pʰliːzkʰɑlˠ stɛlə æsk hɚ tə bɹɪ̃ŋ ðiːz̥ θɪ̃ŋz wɪθ hɚ fɹə̃m ðə stɔɹ sɪks spũːnz əv fɹɛʃ snoː pʰiːz̥ faɪv θɪ̝k slæbz əv blu tʃiːz̥ ɛ̃n meɪbi ə snæk fɚ ɚ bɹʌðə˞ baːb̥ wi ɑlˠsŏ niɾ ə smɑlˠ pʰlæstɪk sneɪk ɛ̃n ə bɪɡ tʰɔɪ fɹɑːɡ fə˞ d̪ə kʰɪd̥s ʃi kə̃n skup ðiːz θɪ̃ŋz ɪ̃nɾə θɹiː ɹɛd bæːɡz̥ ɛ̃n wi wɪlˠ ɡoʊ miɾ ɚ wɛ̃nzdeɪ æt ðə tɹeɪ̃n steɪʃə̃n]
"
english174.mp3,"﻿[pʰliːskʰolˠ stɛlʌ ask hɜ tu bɹɪ̃ŋ ðis θɪ̃ŋz̥ wɪθ hɝ fɹʌ̃m ðə stɔː sɪks spũːns ɔf fɹɛʃ s̠noʊ piːz̥ faɪv θɪk slæːbz̥ ɔ blu tʃiːz̥ æ̞̃n meɪbi ə snæk fɔ hɜ bɹʌðə boːb wi ɒlˠso nid ə smɔlˠ pʰlastɪk sneɪk æ̃n ə bɪɡ̚ tʰɔɪ fɹoːɡ̥ fɔ ðə kʰɪ̝d̥s ʃi kʰɛ̃n skup ðiːz̥ θɪ̃ŋs ɪ̃ntu θɹiː ɹɛd bæːɡ̥z̥ ɛ̃n wi wɪlˠ ɡoʊ mit hɜ wɛ̃nə̆z̥de̝ː æ̞t ðə tɹeɪ̃n steɪʃə̃n]
"
english175.mp3,"﻿[pʰliːz̥kʰɑlˠ stɛlə æsk ɚ ɾə bɹɪ̃ŋ ðiːz θɪ̃ŋz̥ wɪθ hɚ fɹə̃m ðə stɔɹ sɪks spʊːnz əv fɹɛʃ snoʊ pʰiːz̥ faɪv θɪk slæ̞ːbz əv blu tʃiːz̥ ɛ̃n meɪbi ə snæk fɚ hɚ bɹʌðə˞ bɑːb̥ wi ɑlˠsoʊ niɾ ə smɑlˠ pʰlæstɪk sneɪk ɛ̃n ə bɪɡ̚ tʰɔɪ fɹɑːɡ̚ fə ðə kʰɪːd̥s ʃi kə̃n skup ðiz̥ s̪ɪ̃ŋz ɪ̃nɾə θɹi ɹɛd bæːɡ̥s ə̃n wi wɪlˠ ɡoʊ miɾ ɚ a˞ ʔɑ̃n wɛ̃nzdeɪ ɛt ðə tɹeɪ̃n steɪʃə̃n]
"
english176.mp3,"﻿[pʰliːz̥kʰɑlˠ stɛlə æ̞sk ɚ ɾə bɹɪ̃ŋ n̪iz̥ s̪ɪ̃ŋz̥ wɪθ hɚ fɹʌ̃m n̪ə stɔɹ sɪks spũ̘ːnz əf fɹɛ̝ʃ snəʊ pʰiːz̥ faɪv̥ θɪk slæ̞bz əv blu tʃiːz̥ ə̃n meɪbi ə snæ̞k fɚ hɜ˞ bɹʌðə˞ bɑb̥ wi ɑlˠso niːd ə smɑlˠ pʰlæstɪk sneɪk ɛ̃n ə biɡ tʰɔɪ fɹoɡ̥ fə ðə kʰɪdz̥ ʃi kə̃n sku̘p ðiz̥ s̪ɪ̃ːŋz ɪ̃ntə θɹiː ɹɛd bæ̞ːɡz̥ ɛ̃n wi wɪlˠ ɡoʊ mit hɚ ɑ̃n wɛ̃nzdeɪ æt ðə tʰɹeɪ̃n steɪʃə̃n]

"
english177.mp3,"﻿[pʰliːz̥kʰalˠ stɛlə æ̞sk hɚ ɾə bɹɪ̃ŋ n̪iz̥ θɪ̃ŋz̥ wɪθ hɜ˞ fɹə̃m ðə stɔɹ sɪks spũ̘ːnz əv̥ fɹɛʃ snoʊ pʰiːs̪ faɪv̥ θɪk slæ̞bz̥ əv blu tʃiːs̪ ə̃n meɪbi ə s̪næk fɚ hɚ bɹʌðə˞ baːb̥ wi ɑ̘lˠso niɾ ə s̪malˠ pʰlæ̞s̪tɪk s̪neɪk ɛ̃n ə bɪɡ tʰɔɪ fːɹɑ̘ɣ fə ðə kʰɪːdz̥ ʃi kə̃n s̪ku̘p ðiːs̪ θɪ̃ŋz̪ ɪ̃nɾə θɹiː ɹɛd bæ̞ːɡz̥ ə̃n wi wɪlˠ ɡo̜ʊ mitˀ hɜ˞ wɛ̃nz̪deɪ æt ðə tʰɹeɪ̃n steɪʃə̃n]
"
english178.mp3,"﻿[pʰliːzkʰɑlˠ stɛlə æsk ɜ˞ tʰʊ bɹɪ̃ŋ ðiːz θɪ̃ŋz wɪθ hɜ˞ fɹə̃m ðə stɔɹ sɪks spũːnz əv̥ fɹɛʃ snoʊ pʰiːz̥ faɪv θɪk slæːbz əv blu tʃiːz̥ ə̃n meɪbi ə snæk fɚ hɚ bɹʌðə˞ baːb wi ɑ̘lˠso niːd e smɑ̘lˠ pʰlæstɪk sneɪk ɛ̃n ə bɪɡ f̩ tʰɔɪ fɹɑ̘ɣ fə ðə kʰɪːd̥s ʃi kə̃n skup ðiz θɪ̃ŋz̥ ɪ̃ntu θɹi ɹɛd bæːɡz̥ ə̃n wi wɪlˠ ɡoʊ mit hɜ˞ wɛ̃nz̥deɪ æt ðə tʰɹeɪ̃n steɪʃə̃n]
"
english179.mp3,"﻿[pʰliːzkʰɑlˠ stɛlə æsk hɜ˞ tʊ bɹɪ̃ŋ n̪iːz θɪ̃ŋz wɪθ hɚ fɹə̃m ðə stɔːɹ sɪks spũːnz əv̥ fɹɛʃ ʃnoʊ pʰiːz̠ faɪv θɪk slæbz̥ əv blu tʃiːz̠ æ̃n meɪbi ə s̠næk fɚ hɚ bɹʌðə˞ baːb̥ wi ɑlˠso niɾ e smɑlˠ pʰlæstɪk s̠neɪk ɛ̃nd ə bɪɡ tʰɔɪ fɹɑɡ̚ fə ðə kʰɪːdz̠ ʃi kə̃n skup ðiːz̥ s̪ɪ̃ŋz̥̚ ɪ̃ntu θɹi ɹɛd bæːɡz̠ ɛ̃n wi wɪlˠ ɡo mit hɜ˞ wɛ̃nzdeɪ æt ðə tʰɹeɪ̃n steɪʃə̃n]
"
english180.mp3,"﻿[pʰliz̥kʰɑlˠ stɛlə æsk ɚ ɾə bɹɪ̃ŋ n̪is θɪ̃ŋz̥ wɪθ hɜ˞ fɹə̃m n̪ə stɔːɹ sɪks spũːnz əv̥ fɹɛʃ ʃno pʰiəz̥ faɪv θɪk slæːbz̥ əb blu tʃiːz̥ n̩ meɪbi ə snæk fɚ hɚ bɹʌðə˞ baːb wi ɑlˠso nid ə smɑlˠ pʰlæ̞stɪk sneɪk ɛ̃n ə bɪɡ tʰɔɪ fɹɑːɡ fə˞ ðə kʰɪːdz̥ ʃi kə̃n skup ðiːz̥ θɪ̃ŋz̥ ɪ̃nɾə θɹi ɹɛd bæːɡz ə̃n wi wɪlˠ ɡo mitʔ hɜ˞ wɛ̃nzdeɪ ət ðə tʰɹeɪ̃n steɪʃə̃n]
"
english181.mp3,"﻿[pʰliːz̠kɑlˠ s̠tɛlə æs̠ xɚ tu bɹɪ̃ŋ ðiːs̠ s̪ɪ̃ŋz wɪθ hɜ˞ fɹə̃m ðə s̠tɔːɹ s̠ɪks̠ s̠pũːnz̠ əv̥ fɹɛ̝ʃ̠ ʃnoʊ pʰiːs̠ faɪf θɪk s̠læːbz̠ əv blu tʃiːz̥ ɛ̃n meɪbi e s̠næk fɚ hɚ bɹʌðə˞ bɑːb̥ wi ɑlˠs̠o nid e smɑlˠ pʰlæs̠tɪk s̠neɪk æ̃nd e bɪɡ tʰɔɪ fɹɑːɡ fə˞ ðə kʰɪə̆ds̠ ʃi kʰæ̃n skup ðiz̥ s̪ɪ̃ŋz̥ ɪ̃ntu θɹi ɹɛd bæːɡz̠ ɛ̃n wi wɪlˠ ɡoʊ mit hɜ˞ wɛ̃nzdi æt d̪ə tʰɹeɪ̃n s̠teɪʃə̃n]
"
english521.mp3,"﻿[pʰlizkʰɑlˠ stɛlə æsk hɜ˞ ɾə bɹɪ̃ŋ ðiz θɪ̃ŋz wɪθ hɜ˞ fɹʌ̃m ðə stoɹ sɪks spũnz əf fɹɛʃ sno pʰiːz faːv̥ θɪk slæbz̥ ʌf blu tʃiːz ɛ̃n meɪbi ə snæk fɚ hɚ˞ bɹʌðɚ bɑb̚ wi ɑlso nid eɪ smɑl pʰlæsɪk sneɪk ɛ̃n eɪ bɪɡ tɔɪ fɹɑɡ fɚ ðə kɪdz ʃi kə̃n skup ðɪz θɪ̃ŋz ɪ̃ntə θɹiː ɹɛd bæɡz ɛ̃n wi wɪlˠ ɡoʊ miʔ hɜ˞ wɛ̃nzdeɪ æt ðə tɹeɪ̃n steɪʃɪ̃n]
"
english522.mp3,"﻿[pʰliz̥kɑlˠ stɛlʌ æsk hɝ ɾə bɹɪŋ n̪iz̥ θɪŋz wɪθ hɚ fɹəm n̪ə stoɹ sɪks spunz əf snoʊ pʰiz faɪv̥ θɪk slæbz əv blu tʃiz æ̆̃n meɪbi ə snæk fɚ hɚ bɹʌðɚ bɑb wi alˠso niɾ ə smɑlˠ pʰlæstɪk sneɪk æ̃n ə bɪɡ tɔɪ fɹɑɡ fə ðə kɪd̥z̥ ʃi kə̃n skup ðiz̥ θɪŋz ɪntə θɹi ɹɛd bæɡz ænd wɪ̆ wɪlˠ ɡoʊ mit hɝ wɛnzdeɪ ət ðə tɹeɪn steɪʃən]
"
english526.mp3,"﻿[pʰlizkʰɑlˠ sθɛlɑ æsk hɜ˞ ɾə bɹɪ̃ŋ n̪iz θɪ̃ŋz wɪθ hɜ˞ fɹə̃m n̪ə stoɹ sɪks spũnz əf fɹɛʃ snoʊ piːz̥ faɪ θɪk slæbz ə blu tʃiːz ɛn meɪbi ə snæk fɚ hɚ bɹʌðɚ bɑb̚ wi ɑlso niɾ ə smɑl pʰlæstɪk sneɪk æ̃n ə bɪɡ tɔɪ fɹɑːɡ fɚ ðə kɪdz ʃi kə̃n skup ðɪz θɪ̃ŋz ɪ̃ntə θɹi ɹɛd bæɡz ɛ̃n wi wɪl ɡoʊ miʔ hɝ wɛ̃nzdeɪ æt ðə tɹeɪ̃n steɪʃɪ̃n]
"
english527.mp3,"﻿[pʰliz̥kɑlˠ stɛlə æsk hɚ tu bɹɪ̃ŋ ðiz̥ θɪ̃ŋz wɪθ hɚ fɹə̃m ðə stoɹ sɪks spũnz̥ əf fɹɛʃ snoʊ piz̥ faɪv θɪk slæbz̥ əv blu tʃiːz æ̃nd meɪbi ə snæk fɚ hɚ bɹʌðɚ bɑb̥ wi also nid eɪ smɑl pʰlæsɪk sneɪk æ̃nd eɪ bɪɡ tɔɪ fɹɑɡ foɹ ðə kɪdz̥ ʃĭ kə̃n skup ðiz θɪ̃ŋz ɪ̃ntu θɹi ɹɛd bæɡz̥ ɛ̃nd wi wilˠ ɡoʊ mit hɝ wɛnzdeɪ æt ðə tɹeɪ̃n steɪʃɪ̃n] 
"
english528.mp3,"﻿[pʰlizkɑlˠ stɛlə æsk hɚ ɾə bɹɪ̃ŋ n̪iz̥ θɪ̃ŋz̥ wɪθ hɚ fɹʌ̃m ðə stoɹ sɪks spũnz əf fɹɛʃ snoʊ piːz̥ əː faɪv θɪk slæbz əv blu tʃiːz æ̃n meɪbi ə snæk fɚ hɚ bɹʌðɚ bɑb wi ɑlso nid ə smɑl pʰlastɪk sneɪk æ̃n ə bɪ̝ɡ tɔɪ fɹɔːɡ fɚ ðə kɪdz̥ ʃi kæ̃n skup ðiz̥ θɪ̃ŋz ɪ̃ntə ðɹi ɹɛd beɡz æ̃n wi wɪlˠ ɡoʊ miɾ hɚ wɛñz̥deɪ æt ðə tɹeɪ̃n steɪʃɪ̃n]
"